universe_id,seed,tickers,n_assets,avg_corr_val,pc1_share_val,effdim_val
192,234,"ABT,AXP,BA,BIIB,COST,DG,DHR,DUK,EOG,EW,GE,GM,HD,INTU,ITW,MA,MCD,MO,PEP,PFE,PG,PLD,PM,PNC,REGN,SO,SYK,TGT,WMT,YUM",30,0.27250642942518527,0.2622053465990181,8.523058957634511
215,257,"AMZN,APD,BIIB,CMCSA,COP,CRM,DUK,EOG,EW,FDX,IBM,ICE,INTC,INTU,JNJ,KMB,NEE,PLD,PM,REGN,SCHW,SHW,SLB,T,TRV,UNH,UPS,USB,VLO,YUM",30,0.2833736103902859,0.27108661143785445,7.458141862833265
68,110,"ADBE,BDX,BIIB,CAT,CL,COP,COST,DHR,DUK,EMR,EOG,EW,F,GE,HD,INTC,INTU,ISRG,MET,MO,MRK,MSFT,NSC,PM,SHW,SLB,SO,T,TGT,TJX",30,0.28408446665675496,0.2556820539644697,7.750987384247606
25,67,"AAPL,ABT,AIG,AMGN,AMZN,APD,BA,BDX,BIIB,COP,DG,DUK,EMR,EOG,FDX,GE,GM,GS,KMB,KO,MSFT,NKE,PEP,QCOM,SHW,SO,T,TJX,V,VZ",30,0.2853168741847822,0.2733056271056074,7.226313128801936
264,306,"ADBE,ADP,BA,BDX,C,DG,EW,GE,GM,IBM,ICE,ISRG,JNJ,KMB,KO,LMT,MCD,MMC,MO,NVDA,PEP,PLD,PM,ROST,SO,SYK,UNH,USB,VLO,VZ",30,0.2854504208856399,0.2004655138637471,10.589287888892546
26,68,"ADSK,ALL,APD,C,CB,COP,COST,DUK,EOG,F,ICE,INTC,INTU,JNJ,MA,MCD,NEE,PEP,PG,PGR,PLD,PNC,SBUX,SCHW,SO,SYK,UNH,UPS,VLO,VZ",30,0.28724891746951503,0.2422247304060877,9.385607184412018
137,179,"ADBE,ADSK,AIG,ALL,APD,BA,BIIB,CI,CL,CMCSA,CRM,CSCO,DIS,ICE,JNJ,MCD,MRK,NVDA,PFE,PM,REGN,ROST,SBUX,SO,SYK,T,TJX,UNH,UPS,VLO",30,0.2900529747625929,0.2638646740032209,8.781817282489843
41,83,"ABT,ADP,ADSK,AIG,AMGN,AON,BA,BAC,BDX,BIIB,COST,DUK,EW,F,INTC,ISRG,KMB,KO,MCD,NVDA,PM,ROST,SBUX,SO,T,TJX,UPS,V,WFC,YUM",30,0.2904601905311866,0.3053320219345809,7.124363546514702
65,107,"AAPL,ADP,BIIB,BLK,CI,CL,CMCSA,COF,COST,EOG,EW,GE,GS,ISRG,JNJ,JPM,KMB,KO,MCD,MET,MMC,MO,PEP,ROST,SBUX,SO,T,TJX,V,WMT",30,0.2905149090263551,0.31310520903351347,6.550898485753538
2,44,"ACN,AIG,AMGN,CI,CL,CRM,DG,DUK,EMR,EOG,FDX,GILD,GS,ISRG,JPM,MO,MRK,MSFT,NEE,PFE,PGR,PLD,PNC,QCOM,SBUX,SCHW,TGT,VZ,XOM,YUM",30,0.2912110980175099,0.28218661722217564,8.240123064260112
161,203,"ALL,AON,BIIB,C,CB,CL,COP,COST,CRM,CVX,EOG,EW,HD,INTU,KMB,KO,MCD,MO,NEE,NKE,PGR,PM,SBUX,SHW,SYK,T,TRV,UNH,UPS,VLO",30,0.29177489706689663,0.3208942501990103,6.497624890601692
290,332,"ADSK,ALL,AMGN,AMZN,AON,BAC,BIIB,C,CL,COST,DE,DIS,EOG,FDX,GE,HD,KMB,MCD,MS,NEE,NKE,PFE,REGN,SBUX,SHW,SO,TJX,V,WMT,XOM",30,0.2927572035182848,0.2934320232453799,6.92065570141002
69,111,"AAPL,ADP,ADSK,BAC,BDX,BLK,C,CI,CMCSA,COST,DUK,EOG,GE,HD,INTC,ISRG,KMB,MMC,MSFT,NEE,PFE,PM,SLB,SO,TJX,UNH,UPS,USB,WMT,XOM",30,0.2935194700665321,0.28418233305175983,7.995095573697394
70,112,"AAPL,ADP,ALL,AON,CI,CL,COST,DG,DHR,DUK,GILD,IBM,INTU,JPM,LMT,LOW,MCD,MO,MSFT,NEE,NVDA,PFE,REGN,SCHW,SLB,SYK,TGT,UNH,VZ,WFC",30,0.2936674862615038,0.24196298058677534,9.119017799804526
93,135,"ALL,AON,BAC,C,CB,COST,CVX,DE,EOG,EW,GE,HD,ICE,INTC,ISRG,ITW,JNJ,KMB,KO,LMT,MCD,MMM,NVDA,PG,PM,REGN,ROST,SO,TJX,WMT",30,0.2937303530602862,0.26538233372814574,8.514867759577859
81,123,"ABT,ADBE,ADSK,AIG,CB,CI,CMCSA,COF,COST,DIS,DUK,EMR,EW,GM,KO,LMT,MA,MCD,MMM,MRK,NEE,NVDA,PM,SHW,T,TGT,TJX,TRV,V,VZ",30,0.2939046165723817,0.21452460916434637,10.05823065821306
136,178,"ACN,AMZN,APD,BAC,CB,COP,COST,CSCO,DUK,EOG,EW,GE,GM,ISRG,JNJ,LOW,MA,MCD,MMC,MSFT,NEE,NSC,NVDA,PLD,PM,REGN,SBUX,SCHW,SO,WMT",30,0.2943682700747261,0.24859238334225064,9.211743018445768
79,121,"AIG,BDX,COF,CVX,EOG,EW,F,GE,GILD,HD,INTU,JNJ,JPM,LMT,LOW,MCD,MRK,NEE,NVDA,PEP,PLD,PM,PNC,ROST,T,UNH,UPS,USB,WFC,YUM",30,0.29477129535775,0.2587299415369549,9.225580226417337
188,230,"AAPL,AMGN,BA,CB,CI,CL,CRM,CSCO,DE,EOG,F,GE,GM,GS,INTC,ITW,JNJ,KMB,LMT,MET,MMC,NVDA,PM,QCOM,ROST,SO,SYK,TJX,UPS,WMT",30,0.29618575124799795,0.2802017881700447,8.611945629255295
274,316,"ABT,ADSK,AON,BA,BIIB,COF,COST,CSCO,DG,DUK,EOG,GE,GILD,IBM,INTU,JPM,KMB,LMT,MCD,MMM,MSFT,NEE,SCHW,SO,TGT,UPS,USB,V,VLO,WFC",30,0.29672855679828564,0.267264477510274,7.683608587146423
271,313,"ACN,AIG,AMZN,APD,AXP,BIIB,COF,COP,CVX,DG,DIS,EOG,F,GM,IBM,MCD,MET,MSFT,NEE,NSC,PEP,PG,PM,ROST,SBUX,SHW,TJX,UPS,VZ,WMT",30,0.29840447582598295,0.3028852619713395,6.375730339475247
0,42,"AAPL,ADP,ADSK,AIG,BA,BLK,CL,DG,DHR,DUK,EMR,F,FDX,GILD,ICE,INTC,ISRG,LMT,LOW,MA,MMC,MO,NEE,NSC,PG,SBUX,SCHW,SLB,SO,UNH",30,0.30132484446263647,0.27738921469020034,8.479908206484264
297,339,"ADSK,AIG,ALL,AMGN,AON,CL,DE,DG,DHR,DUK,EMR,EW,F,ICE,KO,MET,MMC,MMM,MS,NEE,NKE,NVDA,PG,PGR,PLD,SO,TJX,UNH,VZ,WMT",30,0.30139898720143915,0.23484053252171208,9.640253375919837
209,251,"CB,CI,COP,CSCO,CVX,DHR,EOG,GILD,GM,IBM,ICE,ISRG,JNJ,KMB,KO,LMT,MA,MO,MS,NSC,QCOM,ROST,SBUX,SCHW,SO,TGT,USB,V,VZ,XOM",30,0.3021012306471289,0.27122303841974094,8.483948675610343
204,246,"ABT,ACN,ALL,AMGN,AXP,BAC,BLK,CVX,DUK,EMR,F,FDX,GE,HD,ICE,KMB,MCD,MO,MRK,MSFT,PEP,PG,PGR,PNC,REGN,ROST,SBUX,SO,TJX,UNH",30,0.3022177124512449,0.2680431144528385,8.579400597989197
86,128,"AIG,APD,AXP,BA,CAT,CB,CI,COP,EMR,EW,F,GE,HD,INTC,JNJ,MMC,MO,NVDA,PM,SBUX,SHW,SLB,SO,SYK,T,TRV,UNH,UPS,WMT,YUM",30,0.30233184103203814,0.2503959030657123,9.084258015439207
123,165,"AMZN,BA,BIIB,CB,CI,CL,COST,DE,GE,GILD,GS,INTC,ISRG,JPM,KMB,LMT,MCD,NKE,PFE,PG,PM,PNC,REGN,SCHW,SHW,TGT,TRV,USB,XOM,YUM",30,0.30304349006593184,0.29394413142716397,7.256017284984576
262,304,"ADBE,AON,BLK,CAT,CI,CMCSA,COP,CSCO,DE,DG,DUK,EW,F,GE,ISRG,JNJ,JPM,LOW,MA,MET,MO,NSC,PFE,PM,QCOM,SBUX,SYK,TGT,TJX,WFC",30,0.30317494960790803,0.2678101253198337,8.624695677159655
21,63,"ADBE,AMGN,BA,BIIB,CVX,DG,DUK,F,GE,HD,ICE,INTC,ITW,MA,MMC,MMM,MS,NKE,NSC,PM,QCOM,REGN,SCHW,SO,SYK,TJX,UNH,V,VLO,WFC",30,0.30359328716907047,0.25984425251442134,7.847663776437958
195,237,"AXP,BLK,CAT,CB,CMCSA,COST,CRM,CSCO,DIS,EW,FDX,GE,GILD,ITW,KO,MO,NEE,NSC,PEP,PG,PLD,QCOM,SBUX,SCHW,SHW,TJX,UNH,VZ,WMT,YUM",30,0.30398667281129776,0.2977872646834915,8.034639595140435
146,188,"ADSK,AIG,AMGN,BA,BAC,BDX,CAT,COP,DHR,DUK,EMR,FDX,GILD,GM,GS,INTC,ISRG,KMB,LOW,MA,MCD,MO,NEE,NKE,PEP,SCHW,TJX,TRV,UNH,VLO",30,0.3042120249127967,0.2636432965356963,9.054863457307475
60,102,"ABT,ADP,ADSK,BA,BAC,CB,CI,CMCSA,COP,CVX,F,GM,IBM,INTC,INTU,ISRG,JNJ,MCD,MMM,MO,NEE,NSC,REGN,SCHW,SHW,SO,UNH,UPS,V,WMT",30,0.30495130533956516,0.23923600067357986,10.079828530209925
172,214,"AMZN,CSCO,EMR,EOG,EW,FDX,GILD,GM,ICE,INTU,KMB,KO,MMC,MO,MRK,MS,MSFT,NEE,PFE,PG,PGR,REGN,SO,T,TRV,UPS,V,VLO,VZ,WFC",30,0.3050376060762491,0.24616475763428058,9.22661629393754
284,326,"ALL,AMGN,BAC,BDX,BIIB,CI,COF,COP,DG,EW,FDX,GE,GS,IBM,ICE,INTC,JNJ,KO,MS,NVDA,PEP,PG,QCOM,REGN,SCHW,SHW,SO,TJX,TRV,WFC",30,0.3053416455000861,0.2815104505651851,6.897517361083582
106,148,"ABT,ALL,AMGN,BA,BAC,CAT,CVX,DE,DUK,EMR,F,HD,ICE,INTC,INTU,MA,MO,MS,NEE,NSC,NVDA,PFE,PLD,PM,PNC,REGN,SO,TJX,TRV,UPS",30,0.3054641017407225,0.2814161398939353,8.402304015945703
10,52,"AAPL,ABT,ADSK,AMZN,AON,BDX,BLK,CAT,CB,CL,CSCO,CVX,EOG,GE,GS,HD,ICE,ITW,KO,MCD,PM,ROST,SHW,SLB,SO,TGT,UNH,VZ,WFC,WMT",30,0.30639333201776575,0.268468986971581,8.341583878842725
113,155,"AAPL,ACN,ADSK,AMGN,AXP,BIIB,BLK,C,COP,COST,DHR,DUK,EOG,F,HD,ICE,KO,MA,MCD,MRK,MSFT,NKE,PLD,QCOM,REGN,ROST,SO,T,TGT,WFC",30,0.30751181351821766,0.26603340587641705,7.670563583533754
270,312,"ADP,ADSK,BAC,CB,CL,COF,COST,CSCO,DG,DIS,DUK,EMR,EOG,F,INTU,JPM,KMB,KO,NKE,NVDA,PFE,PLD,SCHW,SLB,SO,UPS,V,VLO,VZ,WMT",30,0.3075608077356503,0.2972976695750374,7.703895458664988
243,285,"ADSK,ALL,AXP,BA,BAC,BIIB,C,CSCO,CVX,DG,EW,F,GILD,HD,ICE,KMB,KO,MMC,MRK,NEE,NKE,NVDA,PG,ROST,SCHW,SO,SYK,USB,WMT,YUM",30,0.30761917836269126,0.28587157680865577,7.573777068495544
89,131,"ADSK,AMGN,AMZN,COP,CRM,DHR,DUK,EMR,FDX,GE,GILD,HD,ICE,KMB,LMT,MCD,MET,MO,MS,PNC,SHW,SLB,SYK,TGT,TRV,UNH,VLO,WFC,XOM,YUM",30,0.3080567351872896,0.26643342739568676,8.442389925781937
51,93,"AMGN,CAT,CB,COF,COST,DG,DUK,EOG,F,GE,GM,IBM,INTC,ISRG,ITW,KO,MA,MMC,MRK,PGR,PM,REGN,ROST,SBUX,T,TRV,V,VLO,WMT,YUM",30,0.3082853467082049,0.2524955237423511,8.844916117905555
143,185,"ADP,AXP,BA,CB,COF,COST,CVX,DIS,EW,GILD,HD,INTU,JPM,KMB,KO,LOW,MA,NEE,NKE,NVDA,PG,PNC,QCOM,SO,TGT,TJX,V,VZ,WFC,WMT",30,0.30845432061384664,0.23097398229723357,9.50919784066035
206,248,"ACN,AIG,BLK,CB,COF,COP,COST,CSCO,DG,EW,GILD,GM,IBM,ICE,LMT,NEE,NSC,SBUX,SCHW,SO,SYK,T,TGT,TJX,TRV,UPS,V,VZ,WFC,WMT",30,0.3085082190026505,0.2265475894091877,9.424892335035246
222,264,"AAPL,ACN,AON,APD,CB,COF,CRM,DHR,DIS,DUK,EW,GM,GS,IBM,ICE,ISRG,KMB,LMT,MSFT,NEE,PLD,SCHW,SO,TGT,TJX,UNH,USB,WFC,WMT,YUM",30,0.3087933942697211,0.20619071657821478,10.405416809486283
287,329,"ACN,AMZN,APD,BA,COP,DE,DG,DIS,EMR,F,GM,HD,JPM,KMB,MCD,MRK,MS,NEE,NVDA,PFE,PGR,PLD,REGN,SBUX,TGT,TJX,TRV,UNH,V,WFC",30,0.31039761538289806,0.19703308542728398,10.850876269767111
134,176,"ABT,AMZN,BAC,C,CB,CL,CVX,DHR,F,GE,GILD,GM,ICE,INTU,JNJ,LMT,MMC,NEE,NVDA,PG,PGR,QCOM,ROST,SHW,SLB,SO,SYK,T,V,XOM",30,0.3105446386852685,0.2703433893981748,8.371430475809722
247,289,"AAPL,ADBE,ADSK,AIG,BAC,BDX,CAT,DG,DHR,DUK,EMR,EOG,GM,ICE,INTU,ISRG,ITW,KMB,LMT,LOW,MCD,MMC,MS,NEE,NKE,NVDA,PG,PNC,SO,XOM",30,0.31099002517560226,0.28227750967669085,8.013584609706601
100,142,"AAPL,ADP,ADSK,AMGN,AXP,BDX,BLK,CI,CRM,CVX,DUK,EOG,FDX,GE,GM,GS,ITW,MRK,NEE,PNC,QCOM,REGN,SCHW,TGT,UPS,USB,VZ,WMT,XOM,YUM",30,0.3111264408099163,0.30258682781071344,7.737807887273019
278,320,"ADSK,AXP,BLK,C,CL,CMCSA,COST,CRM,CVX,EMR,F,GM,GS,ICE,ITW,JNJ,KMB,KO,LOW,MO,MRK,NEE,PFE,PG,SYK,T,USB,VLO,VZ,WMT",30,0.3111893601963029,0.25555548908344206,9.08282459370625
291,333,"ABT,ADSK,ALL,AMGN,AON,AXP,BLK,CL,DUK,EMR,EOG,EW,INTC,INTU,KMB,LMT,MMC,MO,NVDA,PFE,PG,PM,PNC,SBUX,SYK,TGT,TJX,TRV,VLO,WMT",30,0.3116835989118448,0.21962945434676903,9.683418412382565
165,207,"AAPL,ACN,ADBE,AON,BA,BAC,CMCSA,COST,CVX,DE,F,FDX,GE,INTU,KMB,MET,MMC,MO,MRK,MS,PEP,PFE,PGR,PLD,PM,REGN,SLB,SO,V,VLO",30,0.3117823319955948,0.2595576978420134,8.918237387885117
121,163,"AAPL,ADBE,ALL,AMGN,BA,BIIB,COF,DHR,DUK,EW,FDX,GS,INTU,ISRG,KMB,LOW,MA,MMM,MRK,NEE,PFE,REGN,ROST,SCHW,SHW,SLB,TGT,UPS,USB,VZ",30,0.31189602075806644,0.2652579399663958,7.538955702541543
242,284,"AAPL,ABT,ADP,ADSK,AMGN,BIIB,CMCSA,COP,CRM,EMR,F,FDX,GILD,GM,HD,ICE,KMB,MET,MO,NEE,PFE,PLD,PNC,SLB,TRV,UPS,USB,VLO,VZ,YUM",30,0.3119210247914217,0.29251000980032954,6.7872324509436135
227,269,"AIG,AMZN,AXP,BLK,CB,COST,CVX,DG,DUK,EW,GE,GILD,GM,ISRG,JPM,KMB,LMT,MA,MCD,MMC,PGR,ROST,SHW,SYK,TJX,UNH,USB,VLO,VZ,WMT",30,0.31192330508098465,0.23116449999546715,9.506250868420862
199,241,"ABT,AIG,ALL,AMGN,AMZN,C,CL,CSCO,CVX,DIS,DUK,EMR,GE,GILD,GM,HD,IBM,KO,MET,MO,NVDA,PEP,PFE,PG,PLD,T,TJX,UNH,UPS,V",30,0.31199938582585635,0.26789772118301725,9.289205642024783
63,105,"AAPL,ADSK,ALL,APD,BA,BAC,BIIB,C,CB,COST,F,GM,ICE,INTC,KO,MA,MET,MRK,NEE,NKE,SBUX,SCHW,SHW,SO,T,TGT,TRV,UPS,WMT,XOM",30,0.31227177008202994,0.2885196821265145,7.324463072269241
95,137,"AIG,BA,BDX,BLK,CAT,CI,CL,CMCSA,COP,COST,CRM,CVX,GM,HD,ICE,INTU,KO,LMT,MA,MET,MRK,NEE,QCOM,REGN,SBUX,SLB,T,TGT,V,YUM",30,0.31257609632301303,0.24024997777089638,9.24624437637
197,239,"AAPL,ADSK,AMZN,BA,BDX,C,CAT,COST,CVX,EOG,FDX,GM,HD,ICE,ITW,KO,LMT,MA,MET,NSC,PFE,PLD,PM,QCOM,SCHW,SO,T,TJX,UNH,VZ",30,0.31261391241942194,0.30792472663844817,7.6840453656946055
96,138,"AAPL,ACN,ADBE,AMGN,BA,BAC,BIIB,CL,COP,DG,DIS,EOG,F,FDX,GE,ICE,JPM,LOW,MA,MRK,MS,NEE,NSC,PFE,PG,SYK,TGT,USB,V,WMT",30,0.3131582085923971,0.2651296829484357,7.6363620826071195
203,245,"ABT,ACN,ADP,AMGN,BDX,CI,DG,DHR,DIS,DUK,EOG,GE,GM,HD,ITW,KO,MA,MSFT,NEE,NVDA,PG,PGR,PLD,QCOM,SBUX,SCHW,TRV,UPS,VZ,XOM",30,0.31321392374861406,0.2669946706782684,8.735691137990802
196,238,"ADP,ADSK,ALL,AON,BLK,CAT,COP,COST,CSCO,DIS,F,KMB,KO,LOW,MCD,MET,MMC,NEE,NSC,NVDA,PFE,PLD,QCOM,REGN,ROST,SBUX,SHW,SO,T,TRV",30,0.3132146050445796,0.2464223117460481,9.453175188877045
67,109,"ADBE,AIG,AMGN,BA,CL,COP,COST,CRM,CSCO,EMR,EOG,GE,GM,INTU,ISRG,ITW,KO,LMT,LOW,MCD,MMM,NKE,PEP,PG,PLD,SO,TRV,USB,VLO,XOM",30,0.3133405176242226,0.24864904442285754,9.19652277618348
145,187,"ABT,AIG,AON,BAC,BIIB,CB,CI,CL,CVX,DUK,EMR,GE,GM,HD,IBM,INTU,JPM,KMB,LMT,MCD,MET,MMM,MSFT,NKE,PEP,PG,QCOM,REGN,ROST,VLO",30,0.3141136614950102,0.29997632444949707,6.520908222950132
5,47,"ADSK,APD,BA,BIIB,BLK,CMCSA,DG,DIS,DUK,EMR,F,FDX,GS,INTC,JPM,MA,MO,MS,MSFT,NEE,NVDA,PLD,PNC,REGN,SCHW,SHW,SO,SYK,UNH,VLO",30,0.3143695561897944,0.2501249950013586,8.049482899772627
266,308,"ADP,ADSK,AMGN,AON,APD,CB,COST,DE,DUK,EOG,EW,IBM,ICE,ISRG,KO,MA,MO,MSFT,NSC,SCHW,SLB,SO,T,TGT,TJX,TRV,V,VLO,WMT,XOM",30,0.31446225503712927,0.2696620499664036,8.002713607974096
29,71,"ADP,ADSK,AMGN,BAC,BIIB,C,CVX,DE,DUK,EW,FDX,GM,GS,HD,JNJ,KO,MA,MMC,MMM,MRK,NKE,PEP,PNC,QCOM,SBUX,SO,TGT,USB,VLO,VZ",30,0.314580762302087,0.2759259320545018,7.017282608181218
210,252,"ADBE,BDX,BIIB,BLK,CAT,CB,CI,CL,COST,CVX,DE,DHR,DUK,EW,F,GM,GS,ICE,MET,MSFT,NEE,PLD,PM,PNC,REGN,SCHW,SLB,TJX,V,XOM",30,0.315056549199891,0.2804807488610479,6.829679705823189
7,49,"ABT,ADSK,AON,BAC,BDX,BIIB,CAT,COP,CSCO,DG,DIS,DUK,EMR,EOG,EW,GILD,GS,INTU,JNJ,MMM,NKE,PFE,PGR,PM,QCOM,ROST,SLB,SO,V,VZ",30,0.3155320677455679,0.2740511188434131,7.275683709045271
294,336,"ACN,ADBE,ADSK,AIG,BIIB,CAT,CB,DUK,EW,GE,GM,IBM,ICE,INTC,INTU,ITW,MET,MMC,MRK,NEE,NKE,NVDA,PFE,PM,PNC,SCHW,TJX,USB,VZ,WFC",30,0.31556736765652793,0.275547415593254,6.843678632108052
298,340,"ACN,ADP,AIG,ALL,BAC,CAT,CL,COP,DE,DHR,EW,F,GE,ISRG,JNJ,MET,NKE,NVDA,PFE,PG,PLD,PM,ROST,SCHW,SO,TGT,TRV,USB,VLO,YUM",30,0.3159296694003962,0.2451002306044414,9.382840744935594
22,64,"ACN,ADBE,ADSK,BAC,BDX,CB,CI,CL,COF,CVX,EOG,EW,F,GE,IBM,INTC,INTU,ITW,JPM,KMB,LOW,MMC,MO,MS,NEE,PM,PNC,QCOM,SCHW,TJX",30,0.3159574323642233,0.29214778763282184,7.905978787872261
279,321,"ACN,ADSK,AIG,ALL,AMZN,AON,APD,BA,BIIB,CL,CMCSA,COP,COST,DE,DG,DIS,ICE,JNJ,JPM,MA,MMC,MO,MS,MSFT,PEP,PLD,PM,SLB,SO,VLO",30,0.31621940722259,0.2850621764828683,7.399629935129834
229,271,"AAPL,ABT,ACN,ADP,ALL,AON,BLK,CI,CL,COST,CSCO,DG,DIS,F,GE,GM,HD,INTU,JNJ,MET,MRK,NEE,PG,PM,SYK,TGT,USB,VLO,WMT,YUM",30,0.3165506027145678,0.21825030518809554,9.81683162688529
115,157,"ACN,ADBE,ADSK,APD,BLK,COF,COST,CRM,CVX,DIS,GE,GM,GS,IBM,ICE,KMB,LMT,LOW,MMM,MO,MRK,PEP,PFE,PG,QCOM,REGN,ROST,SCHW,SO,UPS",30,0.31685256170154497,0.28028003283206226,8.584160625955052
9,51,"ADBE,ADSK,AON,BA,BIIB,CB,DUK,EOG,EW,GILD,HD,INTU,ITW,KMB,LOW,MA,MCD,MMC,MMM,MRK,NKE,NVDA,PLD,PNC,SLB,T,V,VZ,WFC,YUM",30,0.31724795308764864,0.280365506864656,7.4173347172452555
237,279,"AAPL,AMZN,AON,APD,BDX,BIIB,CMCSA,CSCO,DIS,DUK,EW,GE,GS,INTC,ISRG,JPM,KMB,KO,LMT,LOW,MET,MS,PEP,PG,PNC,SYK,TJX,UNH,V,VZ",30,0.3173638284187805,0.2961669629923145,7.043492005923028
110,152,"ACN,ADP,BA,BDX,BIIB,BLK,CL,CMCSA,COP,CRM,DE,DG,DIS,DUK,EW,IBM,KO,LMT,MET,MMM,MRK,NVDA,PG,PM,QCOM,REGN,ROST,SHW,SLB,XOM",30,0.3174512065380646,0.2582976114401804,7.843832196377837
43,85,"AAPL,ADP,AIG,AMZN,AXP,CAT,CI,CL,COP,COST,CSCO,DG,EW,GILD,GS,IBM,ICE,JPM,MMC,MMM,MRK,MS,NEE,PEP,PG,PGR,PM,SBUX,T,VZ",30,0.3182640971730804,0.27980760062682103,8.484844498724552
47,89,"ABT,ADBE,ALL,BIIB,CSCO,CVX,DHR,DIS,EOG,F,FDX,GE,GILD,IBM,JNJ,MMM,MO,MS,NEE,PFE,PG,PGR,PLD,PNC,ROST,UPS,USB,V,VLO,VZ",30,0.31843188660375066,0.2647540483916028,7.809055091822634
211,253,"AIG,AMGN,AON,CB,CL,CSCO,CVX,DIS,EOG,FDX,GM,HD,ITW,JNJ,KO,LMT,LOW,MA,MMC,MO,NSC,NVDA,PFE,PLD,PM,SCHW,T,TGT,USB,YUM",30,0.31905250035509874,0.25169859040585896,9.495243850925949
55,97,"AIG,AMGN,AMZN,AON,BA,BDX,BIIB,BLK,CAT,CL,COF,COP,COST,CSCO,GILD,IBM,INTC,KO,LMT,MA,MO,MRK,NEE,NVDA,PG,PNC,SO,UPS,V,VLO",30,0.3193094151771049,0.2801321923715877,7.143035875011478
142,184,"ABT,ADBE,AMZN,BA,CRM,CSCO,DE,DHR,FDX,GE,GILD,GM,GS,KO,LOW,MET,MMC,MMM,MO,MRK,NKE,PFE,QCOM,REGN,SBUX,SCHW,SO,TJX,VZ,WMT",30,0.31936085229012146,0.2799365517683323,8.8419260472817
289,331,"AAPL,ADBE,AIG,BDX,BLK,CL,EOG,FDX,HD,INTC,INTU,ITW,KMB,MCD,MMC,MO,MRK,MS,MSFT,NEE,NKE,NVDA,QCOM,REGN,ROST,SBUX,SCHW,SLB,SO,V",30,0.3194189488497728,0.3065275189603163,7.420062476126575
259,301,"AXP,BA,BAC,CL,CMCSA,COP,COST,CRM,DE,DG,DHR,DIS,EW,GM,INTC,ITW,JNJ,MA,MSFT,NEE,PGR,PNC,SO,TJX,TRV,USB,V,VZ,WFC,WMT",30,0.3195100205395817,0.22185866146801883,10.097353641801565
250,292,"AAPL,BAC,BIIB,CB,CMCSA,CRM,DG,DHR,EMR,EW,F,FDX,GE,GILD,INTC,ITW,JPM,KO,LMT,MS,MSFT,NEE,PG,PGR,QCOM,ROST,SYK,T,WMT,YUM",30,0.3195922571711616,0.26854817381272866,7.257857749822585
119,161,"ADBE,AIG,ALL,APD,AXP,BAC,COP,CVX,DIS,DUK,GE,GS,INTC,INTU,ISRG,KO,MA,MMM,MO,MRK,PG,PGR,PLD,PNC,QCOM,ROST,TJX,UNH,V,VLO",30,0.3198643526984534,0.2627924593045906,9.05481433071515
193,235,"AAPL,AIG,AMGN,C,CAT,CMCSA,CRM,CVX,DE,DG,EOG,EW,FDX,GE,GM,GS,ICE,ISRG,NEE,NSC,NVDA,PG,PGR,PNC,REGN,SYK,TRV,UPS,WMT,YUM",30,0.3200805142901253,0.3091366642713651,7.549320588626555
138,180,"ADBE,AMGN,BDX,BIIB,CAT,CL,COST,CRM,CVX,DG,EW,GILD,HD,IBM,ICE,KMB,LMT,MA,MMM,NSC,PM,ROST,SBUX,SCHW,SHW,SO,TGT,TRV,USB,V",30,0.32016528380596126,0.3122104957810643,6.763429928865486
207,249,"AAPL,ADSK,AXP,BIIB,C,CAT,CB,CL,COF,COP,DHR,EOG,EW,GM,ICE,ITW,JPM,KO,LMT,MMM,PG,PGR,QCOM,SYK,T,TGT,TJX,TRV,VZ,YUM",30,0.32033208522265755,0.26708154652479343,7.184918341692281
257,299,"AAPL,ALL,AMGN,AMZN,AXP,BDX,C,CAT,CL,CMCSA,COF,COP,DG,INTC,ISRG,KO,LMT,MS,NEE,NSC,PEP,PG,QCOM,SCHW,UNH,USB,VLO,VZ,WMT,YUM",30,0.32036469682702734,0.333999006446618,6.989789286673583
90,132,"AAPL,ACN,ADP,ADSK,ALL,APD,AXP,CB,COST,DG,DHR,DIS,EMR,F,GM,INTC,JNJ,MA,MET,MO,MRK,NEE,PG,PLD,PM,ROST,TJX,TRV,UNH,VZ",30,0.32054977425111636,0.20125969340980032,11.00490998268005
56,98,"ABT,AON,APD,BIIB,CAT,CB,CI,CL,CMCSA,COF,COP,CSCO,CVX,EW,GE,GS,ICE,INTC,INTU,ISRG,JNJ,KMB,MCD,MMC,MO,MRK,NEE,NKE,SCHW,V",30,0.3208130939389448,0.2883078761360858,7.124888409619083
174,216,"AAPL,AMZN,APD,BA,BLK,COF,CVX,DE,DHR,DIS,GE,GM,HD,ICE,INTC,JNJ,KMB,MA,MET,NSC,PM,SHW,SO,SYK,TJX,TRV,UNH,USB,VZ,WFC",30,0.32089260710128165,0.24327734761464284,9.660527079633699
101,143,"AAPL,ADP,ALL,AMGN,APD,BA,BDX,BIIB,C,CI,CSCO,DIS,EMR,GILD,GM,ITW,JNJ,LMT,MO,NSC,NVDA,PLD,PNC,QCOM,SCHW,SO,T,TGT,TRV,UNH",30,0.3210072948120819,0.249597111472625,8.29450711396092
157,199,"AMGN,AON,BDX,BLK,CAT,COP,COST,CSCO,DIS,ICE,INTU,ITW,JNJ,KMB,KO,LMT,MCD,MMM,MO,NEE,PG,PNC,SHW,SLB,TJX,TRV,UPS,V,WFC,WMT",30,0.321842518028514,0.274673690252241,8.076064805147471
191,233,"AAPL,ACN,BA,CAT,CL,CRM,CVX,DE,EMR,ISRG,ITW,LMT,MET,MMM,MO,MSFT,NSC,NVDA,PEP,PLD,PM,PNC,SBUX,SLB,SO,TGT,UNH,V,VZ,YUM",30,0.3218773749328718,0.2867856837553263,8.008641860230854
39,81,"AAPL,ADBE,AIG,CB,COF,COP,COST,CSCO,GE,GS,IBM,ICE,KMB,LMT,MMC,MRK,MSFT,NEE,PG,PNC,SCHW,SO,SYK,UNH,UPS,USB,V,VLO,WMT,YUM",30,0.32229934261039594,0.252617832864538,8.695861697162368
277,319,"ACN,ADSK,AIG,ALL,AMGN,AON,BDX,CB,CMCSA,CRM,CVX,DE,DG,DIS,EOG,EW,GE,JPM,LOW,MCD,MMC,NVDA,PEP,PG,QCOM,REGN,ROST,SBUX,VLO,WMT",30,0.32231709811580783,0.24762001867039965,9.366584383715056
180,222,"ADP,AIG,ALL,AMZN,BAC,BLK,CMCSA,COP,EOG,F,FDX,GM,GS,LOW,MCD,MET,MMC,MMM,MO,MRK,MSFT,NEE,NKE,NSC,NVDA,SO,SYK,VZ,WFC,YUM",30,0.32326782855222647,0.33857397707156067,6.680700171650899
280,322,"ADP,APD,BAC,COP,COST,CVX,DHR,DIS,GILD,GM,GS,HD,ICE,ISRG,JNJ,KO,MCD,MET,MO,NKE,NVDA,PEP,PG,PGR,PLD,REGN,TJX,USB,WMT,XOM",30,0.3236698194549893,0.22443020073123138,10.534043186951235
186,228,"AAPL,ACN,AIG,AMZN,BDX,BIIB,CI,CL,COF,COST,CVX,DIS,FDX,GE,GS,ICE,INTC,KMB,LMT,MCD,MET,MMC,NSC,NVDA,T,UNH,USB,VZ,WMT,XOM",30,0.32388872093394144,0.2950251530521283,6.6257830942084155
269,311,"AAPL,ADBE,APD,AXP,CAT,CMCSA,COP,DG,DIS,EW,GILD,ISRG,JNJ,KMB,MA,MO,MS,NSC,PEP,PLD,PM,QCOM,SCHW,SHW,UPS,USB,V,VLO,VZ,YUM",30,0.32398345901326586,0.27062211758695137,8.935483232418171
117,159,"AMGN,AMZN,AON,APD,CL,COF,COST,DG,DHR,EOG,F,ICE,INTU,ITW,KMB,LMT,MCD,MS,MSFT,PFE,PG,PLD,PNC,SHW,SLB,SO,UPS,V,WFC,WMT",30,0.3240449394735546,0.29199298694171855,7.492706748712891
17,59,"ADP,AIG,ALL,AMZN,AON,BIIB,BLK,CAT,CL,CRM,CSCO,DIS,EMR,GM,ICE,JNJ,JPM,KMB,LMT,MSFT,NSC,PEP,PM,QCOM,SO,TGT,TJX,USB,V,YUM",30,0.32415791265008104,0.293942048124225,6.746943803126067
116,158,"ABT,ACN,AON,BDX,CAT,CMCSA,COP,COST,CRM,EMR,F,GM,IBM,ITW,JNJ,KMB,MCD,MET,MRK,NEE,NVDA,PEP,PLD,QCOM,REGN,ROST,SHW,SYK,TGT,XOM",30,0.32459046374337297,0.24380488724055918,9.474872811044316
273,315,"AAPL,ABT,ADBE,ADP,ADSK,ALL,AXP,C,CB,COF,DE,DIS,F,GILD,ITW,KMB,KO,LMT,MMC,MSFT,NEE,PEP,PFE,PNC,REGN,SBUX,SHW,SO,TGT,VLO",30,0.3247795340042707,0.19610191709354588,10.444976110193792
201,243,"ABT,AIG,ALL,AMGN,BLK,CAT,CL,DE,DIS,EW,FDX,GE,GILD,INTU,ISRG,JPM,KMB,LOW,NEE,NVDA,PG,REGN,ROST,T,TJX,TRV,USB,V,VLO,WFC",30,0.3249199590135721,0.2730055949310567,8.623255626035371
104,146,"AAPL,ADBE,AMZN,BA,BDX,BIIB,BLK,CB,CMCSA,COST,CRM,DIS,F,GILD,INTU,ISRG,ITW,JPM,MCD,MMC,MO,MS,NEE,PEP,ROST,SBUX,T,TGT,TRV,UPS",30,0.32494908066090333,0.2904660338897841,7.79655911392375
120,162,"ACN,ADSK,BLK,CAT,COP,COST,CSCO,CVX,GILD,GM,HD,IBM,INTC,KO,LOW,MA,MRK,MSFT,NVDA,PEP,PFE,PG,PM,SCHW,SLB,SO,T,TGT,TRV,VLO",30,0.32502619573965663,0.27351459242800646,8.357670122682508
213,255,"ACN,ADSK,AIG,BA,BDX,COP,CSCO,CVX,DG,F,GILD,GS,INTC,INTU,ITW,MMC,MMM,MO,NSC,PEP,PFE,PLD,PNC,REGN,SBUX,SO,TRV,UNH,WMT,XOM",30,0.32516682206785524,0.23482572038169702,10.248658232388543
156,198,"ABT,ALL,APD,AXP,BAC,BIIB,BLK,CI,CMCSA,COST,DHR,DIS,EMR,EW,INTC,INTU,KO,LOW,MO,NSC,PEP,PFE,PG,PM,SCHW,SLB,TJX,UPS,VLO,YUM",30,0.3256877657764794,0.27679129014853393,7.1347854856490125
295,337,"AAPL,ABT,ACN,AMGN,APD,BAC,BIIB,CI,CL,COF,CRM,CVX,DG,EOG,EW,IBM,KMB,MA,MRK,MS,PEP,PGR,PNC,SLB,T,TGT,V,VLO,WFC,WMT",30,0.3258894583828172,0.29665302419855843,6.486448438359653
18,60,"ABT,ADSK,APD,BIIB,CL,CMCSA,COF,COST,CVX,DHR,F,IBM,ICE,INTC,INTU,ITW,LMT,NSC,NVDA,PLD,ROST,SBUX,SCHW,SO,SYK,T,TRV,VLO,VZ,XOM",30,0.32591443369681755,0.2806314655693968,7.237711688155158
37,79,"AAPL,ACN,ADBE,ADP,ADSK,AIG,AMZN,AON,BA,CAT,COF,COP,COST,DE,DG,DUK,EMR,FDX,GILD,IBM,JNJ,MO,NEE,NSC,PFE,PGR,REGN,TJX,VLO,XOM",30,0.32664890383633616,0.2811565124369692,8.64206364397658
173,215,"ACN,BAC,BLK,CI,CL,COF,CRM,EMR,EW,GILD,INTU,KO,LMT,MMM,MO,MSFT,NEE,NKE,NVDA,PFE,PG,PNC,QCOM,REGN,SCHW,TGT,TJX,USB,WFC,WMT",30,0.32689458624625684,0.2912202984890137,7.960693432416497
133,175,"ACN,AMZN,APD,AXP,CAT,CI,COF,COST,CVX,DUK,EMR,EW,GILD,GM,GS,INTC,MCD,MMC,MO,MRK,MSFT,NEE,NKE,PM,QCOM,ROST,SBUX,TRV,V,VLO",30,0.32695540392965394,0.29697436663644383,7.766322602772973
59,101,"ABT,ACN,ADSK,AMGN,AMZN,AON,AXP,BIIB,COP,CRM,DE,DIS,EW,F,ICE,INTC,JNJ,KO,MCD,MET,MMC,MO,PM,PNC,QCOM,REGN,ROST,UNH,UPS,VLO",30,0.3270895588578713,0.2647370978256264,8.148773098281616
285,327,"AAPL,ACN,AMZN,APD,BA,BDX,BLK,CB,CI,CMCSA,COF,DG,DHR,EOG,F,GILD,ICE,ISRG,LMT,MA,MO,MS,NEE,PEP,PLD,PNC,SLB,UNH,WFC,YUM",30,0.32757102178119946,0.26838612492142216,8.511860559602386
283,325,"AAPL,AIG,BA,BLK,CAT,CI,CMCSA,COP,CSCO,DG,EW,FDX,GE,ITW,JNJ,JPM,KO,LOW,MMM,MSFT,NVDA,PG,PLD,PM,ROST,SCHW,SYK,TGT,TJX,USB",30,0.3277067202663704,0.2892303297222645,8.286028026814956
35,77,"AAPL,ACN,ADSK,ALL,AON,BA,CB,CMCSA,CVX,DIS,DUK,EOG,GS,IBM,ICE,ISRG,LMT,MET,MMC,NKE,PG,PLD,PM,REGN,SHW,SYK,TJX,UPS,WFC,XOM",30,0.3277448504999231,0.21484226908430265,10.392879693626492
98,140,"ACN,AMZN,BA,BIIB,BLK,C,CB,CMCSA,COP,COST,CVX,DE,DUK,EW,F,FDX,HD,IBM,ICE,INTC,ITW,MMC,NVDA,PLD,REGN,SHW,SLB,SO,TJX,V",30,0.3277546985523972,0.26661918004766355,7.625846356707237
6,48,"ADSK,AMZN,AXP,BAC,BDX,BIIB,CB,CVX,DG,EOG,EW,F,GM,GS,HD,MMC,MS,MSFT,NEE,NSC,PGR,PNC,SBUX,SCHW,SLB,SO,SYK,TGT,UNH,WFC",30,0.327872951086888,0.26554017296283255,7.36116607713327
194,236,"ABT,ACN,ADBE,AMZN,AXP,BA,BAC,CI,CMCSA,COF,COP,COST,CRM,DUK,F,GILD,GM,ISRG,ITW,LMT,MA,MCD,MRK,PEP,QCOM,SYK,TGT,UPS,VLO,WMT",30,0.32811041317987644,0.23124021125526548,9.7125241427529
224,266,"AAPL,ACN,ADP,AON,AXP,BDX,CMCSA,COST,DIS,GS,IBM,ICE,ISRG,KMB,KO,MO,NSC,NVDA,PLD,REGN,SBUX,SLB,SO,SYK,TGT,TRV,V,VLO,WFC,YUM",30,0.3281984040085061,0.21029653301928783,9.676982666109042
3,45,"ADBE,ADSK,AIG,ALL,APD,C,DHR,DUK,GILD,GM,GS,ICE,INTC,ITW,LMT,LOW,MET,NSC,PEP,PFE,PNC,SBUX,SCHW,SLB,SO,SYK,TJX,UNH,USB,YUM",30,0.32833682867232616,0.2923560633595535,7.87699802576481
78,120,"ABT,BA,BDX,BLK,C,CB,CMCSA,COST,CVX,DIS,EW,F,FDX,GE,GM,IBM,INTC,ITW,JNJ,MET,MRK,NEE,PFE,PG,PLD,PM,SCHW,SLB,UPS,WFC",30,0.32847986684316366,0.30330312159601763,7.836135835766096
150,192,"AAPL,ADP,AIG,AMZN,AON,BDX,CSCO,DUK,EMR,EW,F,GM,HD,ICE,INTC,MCD,MMC,MMM,NEE,NKE,NSC,NVDA,PFE,PGR,PLD,SBUX,SCHW,SLB,UNH,WMT",30,0.3286694121932298,0.28294306848226475,8.261854643202282
1,43,"ABT,ALL,APD,BA,CL,CRM,CVX,DIS,DUK,EW,GILD,GS,HD,ICE,ISRG,JPM,KMB,LOW,MCD,MET,MMM,MS,PGR,PNC,QCOM,REGN,SHW,VZ,WFC,WMT",30,0.32895086759938386,0.24592366946327698,9.470272782080185
187,229,"ABT,ADBE,ALL,AXP,BA,CI,COST,CRM,CSCO,DG,GE,GM,GS,HD,ITW,LMT,LOW,MMC,MMM,NKE,PFE,PGR,PM,QCOM,REGN,SBUX,SHW,TGT,TJX,YUM",30,0.32929110544455564,0.2370451973774704,10.06875750782401
74,116,"AAPL,ADSK,AIG,AMZN,AON,APD,BDX,COF,CVX,DE,DHR,DUK,F,INTU,ISRG,KMB,MA,MS,NKE,NSC,PG,PM,PNC,QCOM,REGN,TGT,TJX,TRV,WFC,XOM",30,0.3293680041654825,0.24652208945642792,9.361791805119974
162,204,"ABT,ADP,AIG,AON,BAC,CB,CI,CSCO,DHR,GILD,GM,HD,IBM,JNJ,KO,MA,MET,MS,PEP,PG,PM,QCOM,REGN,ROST,SHW,SO,T,TJX,TRV,USB",30,0.33021725003263286,0.24651130059773932,9.739111037739807
4,46,"ADSK,BAC,BIIB,BLK,CAT,CB,COP,COST,CRM,DE,DG,DUK,F,GILD,GS,INTC,ITW,JNJ,KO,LMT,LOW,MA,MET,MMC,MO,MRK,PLD,SCHW,TJX,USB",30,0.3304627366184169,0.28049917567775356,7.137311980099163
126,168,"AAPL,AMZN,APD,BIIB,CI,CL,CMCSA,COF,COP,CRM,CSCO,DIS,EW,INTU,JPM,MET,MMM,MRK,MSFT,NVDA,PLD,PNC,QCOM,ROST,SBUX,SO,TJX,WFC,WMT,YUM",30,0.33071528775627645,0.2664436755158096,7.403640860436983
148,190,"ACN,ADBE,ADP,AIG,ALL,AMZN,AON,AXP,C,CI,COF,CRM,DG,DIS,EMR,EW,GE,GILD,GM,JNJ,JPM,KO,MO,PFE,PG,PM,ROST,TRV,VLO,WMT",30,0.3309106585746445,0.26055602980324516,9.140675189898337
256,298,"ADP,ADSK,APD,BDX,CAT,CMCSA,CRM,CVX,DG,DHR,DUK,GE,GILD,GS,IBM,ICE,MET,MMM,MS,NKE,NSC,PEP,PFE,PM,SBUX,SYK,T,TGT,TRV,WFC",30,0.33096154976066006,0.2650710865385124,8.774724819414308
94,136,"ADBE,AIG,AMZN,APD,BLK,CAT,CL,CMCSA,COP,COST,CVX,DUK,F,GILD,INTC,JNJ,MRK,MSFT,PFE,PG,PGR,SBUX,SHW,T,TJX,TRV,USB,V,XOM,YUM",30,0.33111638079110134,0.22773867853737087,10.135628590755193
226,268,"AAPL,AIG,AMGN,BA,CI,COST,CRM,DG,DHR,DIS,EMR,EOG,IBM,ICE,INTC,ISRG,JNJ,KMB,KO,MET,PFE,PGR,PNC,QCOM,SBUX,SYK,TJX,USB,V,WFC",30,0.33119761222252325,0.24292154713879271,9.494854030676546
139,181,"AIG,ALL,AMGN,APD,BA,BAC,CL,COF,COP,COST,DE,DG,GS,IBM,ICE,ISRG,ITW,MET,MMM,MRK,PGR,PNC,QCOM,SBUX,SLB,SO,SYK,TGT,TJX,VLO",30,0.33139404485511714,0.29155034491404186,7.739098876962677
214,256,"AMGN,AMZN,AXP,BAC,BDX,BIIB,BLK,C,CL,CMCSA,COST,CRM,CVX,EMR,EOG,F,ISRG,KMB,MO,MS,NSC,PNC,REGN,ROST,SLB,SYK,TGT,UNH,UPS,VZ",30,0.33198972427456414,0.2755948166872574,7.08021353201197
198,240,"AIG,APD,BA,BLK,CAT,CB,CI,CMCSA,COST,CRM,CVX,GE,GM,IBM,ICE,INTC,KO,LMT,LOW,MET,MO,NSC,PGR,SHW,T,TRV,USB,VZ,WFC,YUM",30,0.33229029610124544,0.2742668947673387,8.575935986567291
265,307,"ADBE,ADP,ALL,AMZN,BA,BAC,CAT,CB,CI,COST,CRM,CVX,DHR,EOG,F,INTC,KMB,LOW,MMM,NSC,PGR,ROST,SCHW,SYK,TGT,UNH,VLO,VZ,WMT,YUM",30,0.33288482903274863,0.24720695121999242,9.563935837294876
225,267,"ALL,AMZN,BAC,CL,CMCSA,DHR,DUK,FDX,GILD,GM,ICE,INTU,ITW,JPM,KMB,MET,MMC,MRK,MS,MSFT,NKE,NVDA,PM,REGN,SHW,T,UNH,USB,VZ,WMT",30,0.33312632756464816,0.2712658437293617,8.704579704383756
190,232,"ACN,ADBE,ADSK,AIG,AMZN,CRM,DHR,F,GILD,GM,GS,HD,ICE,INTU,ISRG,KMB,LMT,MCD,MET,MSFT,NEE,PNC,QCOM,REGN,SBUX,SLB,TGT,UPS,USB,WMT",30,0.3332416107328255,0.23532178043415775,9.12914849512825
178,220,"ADBE,ADSK,ALL,AMGN,AON,CB,CMCSA,DE,DHR,DIS,EMR,EOG,HD,ICE,INTC,INTU,JPM,KMB,KO,NEE,NKE,NVDA,PFE,REGN,TGT,USB,V,VZ,WFC,XOM",30,0.3332486762977081,0.21842949868178804,9.971767341665982
15,57,"ACN,AMGN,AON,AXP,C,DG,DIS,EOG,F,GILD,HD,IBM,INTU,LOW,MRK,MS,NKE,NSC,PNC,QCOM,REGN,SBUX,SO,SYK,TGT,UNH,UPS,VLO,WMT,XOM",30,0.3335185776481225,0.26187032634279594,8.96320160724974
87,129,"ADP,AIG,AMGN,BDX,CB,CMCSA,DE,DG,EMR,EOG,GM,HD,IBM,INTC,INTU,ISRG,ITW,JPM,LMT,MA,NKE,PEP,PLD,PM,PNC,SCHW,SO,SYK,TJX,WFC",30,0.33372944534966054,0.2543916316268664,9.147964868983212
30,72,"AAPL,ABT,AXP,BA,CAT,CB,COP,COST,CSCO,DHR,GILD,HD,IBM,ISRG,KMB,LMT,MMC,MMM,MO,MS,MSFT,NKE,PEP,QCOM,REGN,ROST,SBUX,SLB,SO,TGT",30,0.33374115732070525,0.2518774895380406,9.177269443474794
258,300,"ACN,ADP,ALL,AXP,BAC,CB,CL,CMCSA,COP,COST,CRM,CVX,DE,DHR,DUK,EMR,EW,F,FDX,GS,KMB,MRK,NEE,NKE,NSC,PGR,PLD,UNH,USB,WFC",30,0.3337415863381773,0.27531352230921774,8.264170330543815
24,66,"ADSK,ALL,BDX,BIIB,C,CAT,CMCSA,COP,CVX,DUK,EMR,EOG,FDX,GILD,HD,ITW,JPM,MCD,MSFT,NVDA,PGR,PLD,ROST,SCHW,SLB,SYK,T,TGT,TJX,TRV",30,0.33386675410510686,0.27967068470500556,7.187896635428699
251,293,"AAPL,ADSK,AIG,ALL,BIIB,C,CB,CI,COF,COST,CSCO,CVX,EMR,GM,HD,INTU,JPM,LMT,LOW,MCD,MMM,MSFT,PEP,PG,PM,PNC,SBUX,TGT,UPS,WMT",30,0.33393912509106327,0.29536040048429385,6.7232100026384325
244,286,"ADBE,ADSK,AMGN,AXP,BA,BAC,CRM,CVX,DG,DHR,EOG,FDX,GILD,HD,MCD,MMC,MMM,MO,MSFT,NSC,PEP,PGR,PM,ROST,SCHW,TJX,TRV,UNH,WMT,XOM",30,0.33396931409795605,0.269766706600744,8.821571198794691
44,86,"ADSK,AMGN,APD,BA,CAT,CB,CVX,DUK,EMR,EOG,EW,GILD,GM,GS,ICE,JNJ,JPM,MET,MSFT,NEE,NKE,PNC,QCOM,SHW,SLB,T,TRV,UNH,XOM,YUM",30,0.3340996774221855,0.3147994826184786,7.345328540108207
135,177,"ABT,ADSK,AIG,AON,APD,BA,CB,CL,COP,DIS,EOG,EW,F,GILD,HD,INTU,ISRG,JNJ,JPM,LOW,PEP,PGR,SBUX,TJX,TRV,UPS,USB,VZ,WFC,XOM",30,0.3343486745310351,0.22615574832502683,9.777660894336933
13,55,"ACN,ALL,AMZN,AON,BA,BLK,CAT,CB,CL,COST,CRM,DE,DHR,DUK,GE,HD,IBM,ICE,INTC,ITW,KMB,MA,MET,MSFT,SLB,SO,T,UPS,VZ,WFC",30,0.33465301998499064,0.26925761391949427,8.065224104091486
27,69,"ALL,AON,BA,BDX,BLK,CB,CI,COF,CSCO,DE,EW,F,GILD,ICE,JPM,MMC,PEP,PFE,PGR,PLD,PM,REGN,SCHW,SHW,T,TGT,TJX,TRV,USB,VZ",30,0.3348047140402892,0.19881871091594322,11.152041197567405
105,147,"AAPL,ABT,ACN,ADP,AMGN,APD,BA,BIIB,CB,CL,COF,COP,CSCO,EOG,F,GS,IBM,INTC,INTU,KMB,MMM,MO,MSFT,NSC,PEP,PG,SBUX,SCHW,TGT,UNH",30,0.3348142635586546,0.2625880687898296,7.709614631928465
268,310,"ADBE,ALL,AMGN,AMZN,AON,C,COF,COP,DHR,DIS,EOG,EW,FDX,IBM,INTC,ISRG,ITW,KO,MET,MS,NSC,PFE,PGR,PLD,SHW,SO,T,TGT,TRV,VZ",30,0.3348483959631996,0.266460641594258,8.709618885416791
52,94,"ACN,ADBE,ADP,AIG,AMZN,COST,CRM,CVX,DE,DIS,EOG,EW,F,GS,HD,ISRG,JPM,KMB,LMT,MSFT,NSC,NVDA,PEP,PFE,PGR,SO,SYK,T,VLO,WMT",30,0.3350873158881187,0.25017701421446015,8.999536576504592
249,291,"AIG,ALL,AMGN,AMZN,BA,BAC,C,COF,CRM,DUK,EW,GM,GS,HD,IBM,JPM,MCD,MMC,MMM,MO,MRK,MS,NVDA,PEP,QCOM,SLB,V,VZ,WMT,YUM",30,0.33517620288927696,0.33163502900897623,6.837912485108083
275,317,"ABT,ADSK,AMZN,AON,APD,BA,CB,CI,DHR,DIS,DUK,EW,GILD,HD,IBM,INTC,JPM,KO,LOW,MMC,MO,NKE,PEP,PG,ROST,SBUX,SHW,UNH,V,WFC",30,0.33526111686006677,0.20013473728933076,11.67208207726773
76,118,"AAPL,AIG,ALL,APD,BA,BLK,CI,CL,CRM,DE,DG,EW,GILD,IBM,KO,MA,MET,MMC,MMM,MO,PEP,PFE,PGR,REGN,SHW,SYK,USB,VZ,WFC,WMT",30,0.3352963414843901,0.22961379614577776,10.247403494099329
80,122,"AAPL,ACN,AIG,AMGN,BIIB,BLK,CMCSA,COF,DE,DHR,EMR,FDX,GILD,ITW,JPM,KMB,KO,MA,MO,PM,REGN,SBUX,SHW,UNH,USB,VZ,WFC,WMT,XOM,YUM",30,0.33538856026515795,0.3163534662176332,6.39276795359825
34,76,"ABT,ADP,ADSK,AIG,ALL,AMGN,C,CAT,CRM,CSCO,DUK,EMR,HD,ICE,KMB,MA,MCD,MET,MO,MRK,NEE,NKE,NVDA,PFE,PLD,SBUX,SYK,TRV,UPS,WFC",30,0.33606593932604656,0.25092536000288357,8.675877696099926
114,156,"AAPL,AMGN,AMZN,APD,BLK,CAT,CMCSA,CSCO,DG,DIS,EMR,GM,IBM,INTC,ISRG,KO,LOW,MRK,NSC,PEP,PNC,ROST,SBUX,SO,SYK,T,UNH,VLO,XOM,YUM",30,0.3361616782274671,0.26529831157460154,9.366184768092413
111,153,"AAPL,AMGN,AMZN,AON,BA,BAC,BDX,BIIB,BLK,CSCO,DUK,EMR,F,GM,GS,IBM,MMC,MSFT,NVDA,PFE,PLD,ROST,SBUX,SHW,T,TGT,TJX,VLO,WMT,YUM",30,0.33616688539525946,0.26625231269467553,8.020224734861273
220,262,"AMGN,AON,BAC,BIIB,C,CI,CMCSA,COP,COST,CRM,CSCO,DE,DHR,EW,F,IBM,INTU,ITW,LMT,MA,MET,MMC,MMM,NEE,PG,PGR,PLD,REGN,VLO,VZ",30,0.3362026742395211,0.27034418801299,7.827177770512051
131,173,"AAPL,ACN,APD,AXP,C,CAT,CI,EMR,GM,IBM,JNJ,MMC,MRK,MSFT,NEE,NSC,PNC,QCOM,ROST,SBUX,SHW,SLB,SYK,T,TGT,TJX,WFC,WMT,XOM,YUM",30,0.3362853755424356,0.31286502996175974,7.082500542949675
118,160,"ADP,AXP,BDX,CMCSA,CRM,CSCO,EMR,EOG,IBM,KMB,MCD,MET,MMM,NKE,NVDA,PNC,QCOM,ROST,SHW,SO,SYK,T,TGT,USB,V,VLO,VZ,WFC,XOM,YUM",30,0.3366850797298247,0.2617980801721928,9.071144691200235
223,265,"ABT,APD,BLK,COP,CSCO,CVX,DE,EOG,EW,GS,HD,ICE,INTC,ISRG,KO,MCD,MET,MMM,MO,MS,NVDA,PEP,PM,PNC,QCOM,T,TGT,TJX,TRV,V",30,0.3371227136401096,0.2938948443840652,7.718376797036867
168,210,"ALL,AON,AXP,BDX,C,CAT,COP,COST,CRM,CSCO,EMR,EOG,GILD,ICE,ITW,LOW,MET,MRK,MSFT,NEE,PGR,ROST,SBUX,SLB,SO,T,TRV,UPS,VZ,WFC",30,0.33723677228703974,0.32933167615051484,6.795579033329896
149,191,"AAPL,ADBE,ADP,AIG,ALL,AMZN,AON,AXP,BA,BAC,BDX,BIIB,CRM,CSCO,DG,GILD,GM,IBM,ISRG,ITW,KMB,MMM,NEE,NVDA,PFE,PGR,SCHW,SO,UNH,UPS",30,0.3377193696808391,0.260648426728782,7.9243421598756925
11,53,"AAPL,ACN,AON,BIIB,BLK,CB,CMCSA,CSCO,CVX,DE,DHR,DIS,EOG,INTC,INTU,ISRG,JNJ,MA,MSFT,NKE,NSC,PEP,PG,PLD,PM,PNC,SO,SYK,TGT,TRV",30,0.33824407652144617,0.2866552861327706,7.593299457059563
218,260,"ABT,AON,BIIB,BLK,C,CAT,CL,COF,COP,DIS,EMR,EOG,EW,F,GS,IBM,INTC,ISRG,JNJ,KMB,KO,LMT,MA,MMC,MO,NSC,NVDA,SLB,TGT,WMT",30,0.33852929220932815,0.28477770366851823,6.677133392205666
82,124,"AAPL,ADSK,AIG,ALL,AMGN,AMZN,APD,AXP,BAC,BDX,BIIB,CI,COF,DG,DHR,EOG,FDX,ICE,INTU,KMB,LMT,NKE,NVDA,PFE,PG,PLD,QCOM,TJX,UPS,V",30,0.33864422981094944,0.26463379546998345,7.191288564199229
231,273,"ACN,AMGN,AMZN,APD,AXP,BAC,CB,CI,CMCSA,COST,EOG,EW,GM,IBM,ICE,JPM,LMT,MCD,MS,MSFT,NVDA,PGR,PLD,PM,REGN,SHW,TJX,UNH,XOM,YUM",30,0.33878344953006495,0.2573681616017604,9.172590894312648
293,335,"AAPL,ABT,ACN,ADP,AIG,ALL,AON,AXP,BA,BIIB,CL,COP,CRM,CVX,EW,F,GILD,GM,GS,INTC,ISRG,MO,MSFT,NEE,NKE,QCOM,SBUX,USB,VLO,WFC",30,0.3391636236230899,0.2688128490484353,7.499303553124097
12,54,"ABT,ALL,APD,CI,COF,COST,CSCO,DHR,EMR,F,GE,GILD,ISRG,ITW,JPM,KMB,LMT,MA,MCD,MMM,MO,NKE,SCHW,SHW,T,TGT,TJX,TRV,UNH,UPS",30,0.33928743811052076,0.2570569764036186,9.113370911778146
216,258,"ADSK,AXP,BAC,BDX,BIIB,CMCSA,DE,DG,DIS,F,GE,GM,GS,IBM,INTC,ISRG,MA,MRK,MSFT,NKE,PEP,PLD,SLB,SYK,T,TRV,UNH,USB,V,VZ",30,0.3394280860940809,0.2734342799817023,7.654593254785433
286,328,"AIG,APD,AXP,BA,BAC,CB,CI,CMCSA,DE,F,GILD,GS,ITW,JNJ,LOW,MCD,MET,MMM,MRK,NVDA,PFE,PGR,PM,REGN,SLB,TJX,TRV,USB,WMT,YUM",30,0.3398204383786402,0.266590059740384,8.862576918713822
200,242,"ADSK,ALL,AMGN,AMZN,BA,BAC,BLK,CMCSA,COST,DE,EW,GILD,GM,GS,IBM,INTC,ITW,MA,MO,NKE,NSC,PM,ROST,SCHW,SHW,SO,TRV,UNH,UPS,WMT",30,0.3398973723326843,0.24747893841350396,9.809109761492588
272,314,"ACN,ADBE,ADSK,AIG,APD,BA,BAC,COST,CVX,DE,DG,DHR,EMR,EOG,F,JNJ,KMB,LOW,MA,MMC,NSC,PEP,PNC,SBUX,SHW,SLB,TGT,TJX,USB,WMT",30,0.340050595453844,0.26559724923013506,8.3886021540431
20,62,"ABT,ACN,AMGN,AMZN,APD,COP,CRM,CVX,DHR,DIS,F,FDX,GM,HD,ICE,KMB,KO,LMT,MCD,MET,MMM,QCOM,ROST,SHW,TRV,UNH,UPS,USB,VZ,WMT",30,0.3400812038050788,0.2693828650634898,8.596911844586813
40,82,"AAPL,ABT,AIG,AXP,BA,BDX,CB,CRM,CVX,DIS,EOG,EW,F,GE,ICE,JNJ,JPM,KMB,LMT,LOW,MA,MMC,NSC,NVDA,PLD,PNC,SYK,TRV,WMT,YUM",30,0.3401403381812963,0.22661434205516526,9.527593895089352
102,144,"AAPL,ABT,ADSK,BDX,C,CAT,CI,CL,COF,COP,CRM,DG,EMR,IBM,ITW,JPM,LMT,MA,MCD,MMM,MO,PEP,PG,PGR,REGN,ROST,SHW,T,TRV,YUM",30,0.3403124043783769,0.25683636228343126,9.30846785798893
181,223,"AAPL,ADBE,AMGN,AON,APD,BAC,C,CB,CI,COST,FDX,GE,GM,JPM,KMB,LOW,MA,MMM,MRK,NSC,NVDA,PGR,QCOM,REGN,ROST,SCHW,SLB,TGT,UPS,VZ",30,0.34053168150549873,0.3174440236910894,7.22022640596212
64,106,"AMZN,APD,BLK,CI,CMCSA,COF,COST,CVX,DIS,GILD,GM,IBM,ISRG,MA,MCD,MO,MRK,MS,MSFT,NVDA,PFE,PG,PGR,PM,QCOM,UNH,UPS,V,WFC,WMT",30,0.34065383805968347,0.283635030219605,8.406295374148947
84,126,"ADP,AIG,AMZN,BLK,C,CAT,CB,CI,CSCO,DE,EMR,EOG,EW,F,HD,JPM,LMT,MET,MO,MSFT,NEE,PFE,PGR,PM,PNC,ROST,SYK,T,UNH,WMT",30,0.3413336572081516,0.29309046662033417,7.81940122731288
171,213,"AAPL,ABT,ADP,AMGN,BAC,CB,CI,CMCSA,CRM,DG,DIS,EOG,GM,IBM,LOW,MA,MET,MSFT,NVDA,PEP,PLD,PNC,QCOM,SHW,T,UPS,USB,VZ,XOM,YUM",30,0.34137998927533675,0.2900929590747806,8.205422634964096
132,174,"ACN,ADSK,AMZN,APD,BA,BLK,C,CAT,CL,COST,EW,FDX,GE,GILD,IBM,ICE,ITW,MCD,MMC,MMM,NKE,NVDA,PGR,PLD,SLB,TGT,TJX,VLO,VZ,YUM",30,0.3415401552951424,0.2825970997549539,8.42996536593599
54,96,"AAPL,ABT,ACN,ADBE,ADP,ADSK,AIG,ALL,BAC,BDX,BIIB,CI,CL,COF,COST,DHR,EOG,F,FDX,GM,HD,JPM,KO,NSC,PFE,PG,PLD,PM,SHW,USB",30,0.3418926246541283,0.2818640306176011,7.005362833009189
129,171,"AAPL,ABT,ADBE,ADSK,ALL,AMGN,AON,APD,BAC,BIIB,C,CI,CMCSA,COST,DHR,EW,F,GE,GILD,KMB,KO,LOW,MS,NSC,PNC,SHW,SLB,SYK,USB,WMT",30,0.34219677414867344,0.28909832172769273,6.816432955632216
219,261,"ADBE,ADSK,AON,BAC,BLK,CI,CL,CMCSA,COF,CSCO,DG,DHR,EMR,INTU,KMB,LMT,LOW,MCD,MMC,MMM,MO,MRK,NEE,PNC,SBUX,UPS,USB,V,VLO,XOM",30,0.34230501456090856,0.2510513131783301,8.700372898433262
212,254,"AAPL,ADSK,ALL,AMZN,AON,BA,BIIB,BLK,CAT,CB,CI,DE,DHR,FDX,GE,GILD,GS,IBM,ICE,INTC,JPM,KO,MET,MO,MS,PLD,SCHW,SO,WMT,YUM",30,0.3424858214944191,0.2775025912169787,7.2150519530277775
62,104,"ADBE,ADSK,ALL,AMGN,AMZN,APD,AXP,BLK,C,CVX,DHR,EMR,GE,GM,GS,KMB,LMT,MA,MO,MRK,NEE,NKE,SBUX,SCHW,TGT,TRV,UPS,V,WMT,YUM",30,0.3434683307605334,0.24339342189064167,8.799324016800826
288,330,"ACN,ADP,BA,BAC,BLK,CAT,CB,CI,CSCO,CVX,DUK,EMR,EOG,EW,GE,INTU,JNJ,JPM,MA,MS,PGR,PLD,REGN,SHW,T,V,VLO,VZ,WFC,WMT",30,0.3434924539073773,0.26280863601172855,8.672134407617566
185,227,"ADP,AIG,CAT,CB,CMCSA,COST,CSCO,CVX,DIS,GILD,GS,IBM,ICE,ITW,JPM,KMB,LOW,MA,MCD,MMM,MS,NEE,PG,PGR,PNC,QCOM,ROST,SBUX,UNH,UPS",30,0.3436105455437484,0.28925330299739455,8.144753693772683
130,172,"ABT,ADP,AMGN,AON,BDX,CAT,CB,CI,COP,CSCO,GS,HD,IBM,LMT,MCD,MO,MS,NSC,NVDA,PM,QCOM,REGN,SBUX,SHW,SLB,SYK,TRV,V,VZ,XOM",30,0.3436799773481236,0.2981415871023308,7.523659847928694
282,324,"ADBE,ALL,AON,BA,BAC,BDX,CB,CL,COF,COST,F,GM,HD,ICE,INTC,ITW,JPM,LMT,PEP,PGR,QCOM,REGN,ROST,SBUX,SLB,UNH,UPS,VLO,WMT,XOM",30,0.344044354264687,0.2764986783895869,8.432705857543477
58,100,"ACN,ALL,AMGN,AMZN,AON,APD,BDX,COP,CSCO,DE,DHR,DIS,EW,HD,ISRG,LMT,LOW,MET,MO,NEE,NSC,NVDA,PLD,PNC,ROST,SBUX,SLB,TJX,V,WMT",30,0.3444373322312382,0.24163263594980738,9.422099717103865
189,231,"ADSK,AMZN,APD,BA,BAC,CAT,CI,COF,COST,DE,EMR,GS,ITW,KO,LOW,MA,MCD,MSFT,PG,PLD,ROST,SBUX,SLB,SO,SYK,T,UNH,UPS,V,XOM",30,0.3444725316607806,0.2785491253480111,8.182266874081474
19,61,"ABT,ADBE,ADSK,ALL,AMGN,AON,BLK,C,DE,DG,DIS,FDX,GM,GS,INTC,ITW,JPM,KMB,LMT,MA,NEE,NSC,PEP,PFE,PG,PNC,ROST,SBUX,SYK,TJX",30,0.34447584176620843,0.3022331423504475,7.456388816245548
177,219,"ABT,AMGN,APD,BA,BDX,BLK,CAT,COF,DG,EW,F,HD,JNJ,LOW,MA,MCD,MET,MO,MS,NVDA,PFE,PM,SLB,SYK,TGT,TJX,TRV,V,WMT,XOM",30,0.3445870802946614,0.24594494511862167,8.796412947305187
202,244,"ACN,AON,APD,BIIB,C,CI,COF,COST,EMR,FDX,GE,GS,INTC,ISRG,KO,LMT,MA,MMM,MO,MRK,MS,NEE,NKE,PLD,PNC,SHW,SYK,T,USB,XOM",30,0.3446105305788595,0.29062314138538453,6.401461569054177
144,186,"AIG,ALL,APD,BAC,BLK,CI,COP,COST,CSCO,DE,DIS,EW,MET,MMM,MRK,MSFT,NSC,NVDA,PNC,SHW,SLB,SO,TGT,TJX,UNH,UPS,USB,VLO,WMT,YUM",30,0.34472988933228604,0.2927376116615984,7.858990619092544
16,58,"ABT,ACN,APD,BA,BDX,COP,COST,CVX,DG,DIS,EOG,GILD,ICE,INTC,KMB,MA,MCD,MET,MMC,MS,NKE,PM,PNC,ROST,SCHW,SHW,TGT,TRV,UNH,USB",30,0.3448187073037066,0.2205764275435745,9.959343009737017
128,170,"AAPL,ADBE,ADP,ALL,APD,AXP,BLK,CAT,CI,COF,COST,CRM,DHR,EOG,F,GE,GILD,IBM,JNJ,KO,MCD,NSC,PEP,PGR,PNC,REGN,SHW,V,WMT,YUM",30,0.3448385353861541,0.27937096077528367,8.306704777056076
28,70,"ABT,ACN,ADBE,ADP,AIG,AON,BA,BAC,COF,CRM,CSCO,DG,DIS,DUK,F,GS,HD,IBM,ICE,INTC,KO,MA,SBUX,SYK,T,TJX,UPS,VZ,WFC,XOM",30,0.3450361384768096,0.23245771989092648,9.809614504542617
159,201,"ACN,ADP,ALL,AMZN,APD,BAC,CL,COP,COST,CSCO,CVX,EMR,EOG,FDX,GM,ISRG,MET,MMC,NSC,PM,PNC,ROST,SBUX,SHW,SO,T,TJX,V,WMT,XOM",30,0.3452646425106619,0.3158211171897387,7.148183901956094
49,91,"AAPL,ABT,ADBE,ADSK,APD,BAC,C,COF,COP,DHR,DUK,GS,HD,INTU,KO,LMT,MCD,MET,MMC,MSFT,NKE,NSC,PGR,ROST,SO,SYK,T,TJX,XOM,YUM",30,0.3453738623357668,0.25937297973921586,8.885102376273341
31,73,"AAPL,ADSK,ALL,AMZN,APD,BIIB,COF,COST,CVX,EOG,F,FDX,GILD,GS,HD,ICE,ITW,KO,LMT,MCD,MMM,MRK,PEP,PFE,ROST,TRV,UNH,USB,V,YUM",30,0.3455913901453052,0.2983624908735009,6.689782408087072
46,88,"ABT,AON,BAC,C,CAT,CB,COST,CRM,CVX,DHR,GE,GILD,GS,INTC,INTU,JNJ,KMB,KO,LOW,MET,MMC,NKE,PFE,QCOM,ROST,SHW,SO,V,WFC,YUM",30,0.3473137459574759,0.28971045118335004,7.874634610852998
299,341,"ACN,ADBE,ADSK,AON,APD,CAT,COST,CSCO,DG,DHR,EOG,EW,FDX,GS,JNJ,KMB,LOW,MCD,MMC,MMM,MS,NEE,PEP,PG,PNC,SCHW,SHW,V,VLO,YUM",30,0.34734384958381326,0.2829677575920508,8.201250516674572
292,334,"ADBE,BA,BAC,CAT,CB,CMCSA,COF,COP,COST,DHR,EMR,F,IBM,ICE,KO,LOW,MA,MMC,MO,MS,NKE,PFE,PG,PGR,QCOM,ROST,SBUX,SLB,V,VZ",30,0.34736002476605965,0.2927726173841039,7.696689915605691
66,108,"ADP,AMGN,BAC,BLK,C,CB,CI,COF,CSCO,DE,DIS,DUK,FDX,IBM,ICE,LMT,MET,MO,MRK,MS,MSFT,SCHW,SO,SYK,TGT,TJX,UNH,USB,WFC,XOM",30,0.3474271132869678,0.30156818910483296,7.513572139640478
155,197,"AAPL,ACN,APD,BDX,BLK,CI,COF,CSCO,DG,DHR,EMR,EW,GS,MET,MMC,NKE,NVDA,PFE,PGR,PNC,REGN,SLB,SO,TJX,TRV,UNH,VLO,VZ,WMT,YUM",30,0.3474298079939549,0.2602905120297541,8.95169588084316
23,65,"AAPL,ABT,APD,AXP,BAC,CI,CMCSA,COF,COP,CRM,CSCO,DG,EOG,EW,GE,HD,ICE,INTU,ISRG,MCD,MMM,PGR,PLD,PNC,ROST,SCHW,SYK,T,UNH,XOM",30,0.34827478443131055,0.26151905584554286,8.845666255745721
254,296,"ABT,AIG,AMGN,AMZN,APD,BA,BAC,CI,COP,DE,EMR,GE,GM,INTC,ISRG,JNJ,JPM,KO,MA,MMC,MO,MS,NSC,NVDA,PG,ROST,SLB,T,TRV,XOM",30,0.3485265403753243,0.2974534218131917,7.7327217401036155
179,221,"ACN,BA,BAC,BLK,CB,COP,COST,CVX,EOG,GS,HD,IBM,JPM,KMB,MMC,MRK,MS,MSFT,NEE,NKE,PEP,PFE,PLD,QCOM,SCHW,SHW,TRV,WFC,WMT,YUM",30,0.34905458935528405,0.29709178694461286,7.41436443984385
92,134,"ACN,ADBE,ADP,ADSK,ALL,AMGN,BA,CI,DG,DHR,DIS,EMR,EW,FDX,GE,GILD,HD,ITW,LMT,LOW,MMC,PM,PNC,QCOM,SYK,T,UNH,UPS,USB,VLO",30,0.34910433731215484,0.25885274892862636,9.258553990435026
248,290,"AAPL,ABT,ALL,BAC,BLK,CMCSA,COST,CSCO,CVX,DE,DIS,F,GE,HD,ITW,JNJ,JPM,KMB,LMT,MA,MMM,PEP,PNC,QCOM,REGN,SO,TRV,UPS,V,WFC",30,0.3495547566759719,0.2926076589439773,8.063454662275724
141,183,"ADP,AIG,AMGN,BA,BAC,BIIB,BLK,CB,COF,COP,CVX,EOG,GILD,INTC,ISRG,ITW,LMT,MO,MRK,MSFT,NKE,PGR,PNC,QCOM,SHW,TJX,TRV,UPS,VLO,YUM",30,0.3498685935744197,0.28051956700326774,6.887388621873657
33,75,"ADSK,AIG,AON,AXP,BLK,C,CB,CI,CMCSA,COF,CSCO,DG,DHR,DIS,GILD,HD,INTC,ITW,JPM,LMT,LOW,NVDA,PFE,PG,PGR,PLD,PM,UNH,V,VZ",30,0.34990717541713473,0.2637895497688265,9.169297649936329
261,303,"AMGN,APD,BLK,DE,EMR,GILD,GS,HD,ICE,INTC,LMT,LOW,MET,MRK,MS,MSFT,NSC,NVDA,PG,PNC,QCOM,SO,SYK,TGT,TRV,UPS,VZ,WFC,WMT,YUM",30,0.3504005392436286,0.30817284218768504,7.442481737043444
45,87,"ALL,BDX,BLK,CSCO,DE,DG,EW,F,FDX,IBM,ICE,INTU,JPM,KO,MMM,MSFT,PEP,PG,PNC,ROST,SBUX,SHW,SLB,T,TGT,TRV,UPS,USB,VZ,WFC",30,0.350416101491142,0.2826972014165159,8.03112628109932
83,125,"AAPL,ABT,ADBE,ADSK,ALL,BDX,BLK,CB,CMCSA,COP,CVX,DUK,JNJ,JPM,LOW,MMM,MS,MSFT,NKE,NSC,NVDA,QCOM,REGN,SCHW,SO,TJX,UPS,V,WFC,WMT",30,0.3505511206337102,0.31282990074311967,7.628305786025615
205,247,"ACN,ALL,BDX,BIIB,CI,CSCO,CVX,DG,EMR,F,GILD,GM,HD,ICE,ISRG,MCD,MET,MMC,MMM,MS,MSFT,NSC,PG,PM,SBUX,SCHW,SHW,SLB,VLO,WFC",30,0.35127432878192877,0.2926171022137401,6.443295564562763
233,275,"ABT,ACN,ADBE,AMGN,AON,APD,CB,COF,CRM,DHR,EW,GILD,INTU,MCD,MMC,MO,MRK,MSFT,PG,PGR,QCOM,REGN,SBUX,SHW,T,TJX,VZ,WFC,XOM,YUM",30,0.3513134116366184,0.2436209795702285,9.645790639812091
75,117,"AAPL,ADBE,AMZN,AXP,BDX,C,CMCSA,COST,CSCO,DG,EMR,F,GE,HD,ICE,JPM,LMT,LOW,MRK,PFE,PG,PGR,PLD,QCOM,SBUX,SHW,UNH,USB,V,VLO",30,0.35163961336332916,0.2579402553346818,9.409398535545398
61,103,"ADBE,ALL,AMGN,AON,APD,AXP,BDX,BLK,CAT,CB,CL,COST,CSCO,DG,DIS,EOG,INTC,JPM,MA,MCD,MMC,MSFT,PLD,REGN,SLB,SO,SYK,USB,VLO,VZ",30,0.35259989607378733,0.2633955169936577,8.34590062671805
183,225,"AAPL,ACN,ADSK,AMGN,BA,BAC,BLK,C,CAT,COP,CRM,CVX,GE,GILD,GM,HD,IBM,INTU,ISRG,JNJ,JPM,KMB,MCD,MMM,NKE,PEP,PFE,SHW,T,USB",30,0.3528113611877591,0.272947055753987,8.590548572749748
238,280,"ALL,AMZN,BDX,BLK,DE,DHR,EMR,EOG,GILD,GM,HD,INTC,ITW,KMB,MMC,MRK,MSFT,PEP,PFE,PLD,PNC,QCOM,SBUX,SCHW,SHW,SYK,VLO,VZ,WFC,WMT",30,0.3528950467900066,0.2825178715644173,8.023244261736377
170,212,"ADBE,ALL,BA,BDX,BLK,CRM,CSCO,DG,FDX,GILD,HD,JPM,KMB,KO,LMT,MA,MCD,MMC,MS,NSC,PFE,PGR,PM,SCHW,SHW,SLB,UNH,USB,V,WMT",30,0.3529005835126457,0.26239396542675075,8.828604858440821
124,166,"ADBE,AMGN,AON,BA,C,CB,COST,CRM,CSCO,CVX,DG,EW,F,FDX,GILD,ICE,INTC,ITW,MMM,MRK,MS,PLD,QCOM,ROST,SBUX,SLB,T,UPS,XOM,YUM",30,0.35308222167569,0.3058225280135137,7.806205811285996
232,274,"ACN,ADBE,AMZN,APD,BDX,BLK,C,CB,COP,CVX,DE,DIS,EOG,F,GS,HD,IBM,INTC,ISRG,JNJ,JPM,KO,LMT,MA,MMC,MO,NVDA,PGR,SO,T",30,0.35344463574377893,0.2635152078496026,8.792977546867677
252,294,"ALL,AMZN,BAC,BDX,BLK,CAT,CMCSA,COP,COST,CVX,DE,DUK,EW,HD,ICE,ITW,JPM,LMT,MA,MCD,MET,MO,MSFT,NKE,PGR,PNC,SO,SYK,USB,WFC",30,0.3534764729928267,0.2796105788133237,8.039962794625884
32,74,"ACN,ADP,AIG,APD,BA,BAC,BDX,C,CI,CL,CSCO,DE,EMR,F,GILD,ICE,ISRG,MMM,MO,NEE,PGR,PLD,PNC,QCOM,REGN,ROST,SCHW,USB,V,WFC",30,0.35379545952404357,0.27864985760542016,8.59865073142532
127,169,"ACN,ADP,ALL,AMZN,BLK,CI,CL,CMCSA,COF,CRM,DE,DG,DHR,DUK,FDX,GILD,INTU,ITW,JPM,KMB,MA,MSFT,PLD,QCOM,SBUX,SCHW,SHW,SYK,TGT,UPS",30,0.3543175573261015,0.26042140493529464,8.586724897466217
112,154,"ADP,ALL,APD,BDX,BLK,CAT,CL,COP,CRM,CSCO,DE,GILD,GM,JPM,LMT,MMM,MO,MRK,MSFT,NVDA,PG,REGN,SLB,T,TGT,TRV,UPS,USB,WMT,XOM",30,0.35490598936454926,0.2801699748047903,8.266909364878682
253,295,"ADBE,ADP,ALL,AMGN,BIIB,BLK,CMCSA,COST,CRM,CSCO,CVX,DG,DIS,IBM,ICE,INTC,JNJ,MA,MMC,MRK,MS,NEE,NVDA,PGR,REGN,SHW,UNH,UPS,USB,XOM",30,0.35532937045580465,0.27921931427291535,7.711508184201784
296,338,"AIG,AMZN,BAC,BDX,BIIB,BLK,C,CAT,CI,CL,COP,DHR,EOG,EW,IBM,ICE,JPM,KO,MCD,MS,NKE,NSC,PGR,PNC,SYK,T,TRV,VLO,WFC,YUM",30,0.3557213438601138,0.3047638118670337,6.132013419561312
166,208,"ABT,ADBE,ADP,ADSK,ALL,AON,AXP,BLK,CB,CL,COST,DE,DG,EOG,FDX,IBM,ICE,ITW,JPM,LOW,PG,PGR,PLD,ROST,SHW,SYK,TGT,TJX,V,VZ",30,0.3559042216633265,0.22057059806954699,9.599833849444467
38,80,"ADBE,AON,BAC,BDX,BLK,CMCSA,COF,CSCO,CVX,DE,GILD,GM,GS,IBM,INTC,INTU,JPM,KMB,KO,MET,MRK,NVDA,PFE,PM,SCHW,SHW,SYK,TJX,UNH,VZ",30,0.35596422088367263,0.2778354037044617,8.521798512326113
260,302,"AAPL,ACN,AIG,ALL,AMGN,BA,BAC,CI,COP,CRM,DHR,GM,INTU,ISRG,JNJ,JPM,KO,LOW,MA,MET,MMM,NSC,PG,PLD,QCOM,SHW,SLB,USB,VLO,WFC",30,0.3561235015113318,0.3001408043513034,7.750408520337858
235,277,"AAPL,ACN,ADP,AIG,ALL,BA,BDX,CAT,CSCO,DG,EMR,EW,GE,GM,HD,ICE,JPM,LMT,MET,MMC,MMM,MS,NEE,NSC,PLD,QCOM,ROST,SHW,TGT,UNH",30,0.35620803138095514,0.28657508633595213,8.203498626381533
42,84,"AAPL,ACN,ADBE,ALL,AMGN,BAC,BDX,CAT,CB,CRM,CVX,DHR,DIS,DUK,EMR,GS,IBM,ISRG,JPM,LMT,MET,MRK,MS,NSC,PG,SHW,SO,TJX,XOM,YUM",30,0.35653729112884147,0.28501315046437675,8.019903346582119
176,218,"ABT,AON,APD,BDX,BLK,CI,COST,DE,DHR,DUK,GILD,GM,GS,HD,ISRG,JNJ,LMT,MA,MET,MMC,PG,PGR,PNC,SLB,TGT,UPS,USB,WMT,XOM,YUM",30,0.35706895692209084,0.24374667646733963,9.207342848180085
48,90,"AAPL,ADBE,APD,AXP,BA,BDX,BIIB,CB,CMCSA,COP,COST,CSCO,DE,DG,DIS,FDX,GILD,HD,JNJ,MET,MMC,MMM,MS,PFE,PLD,ROST,SO,SYK,USB,XOM",30,0.3574771817405375,0.2591084196985495,8.264406444336332
85,127,"ABT,ADP,AMZN,CL,COP,COST,CVX,EMR,EOG,FDX,GM,HD,IBM,KMB,MA,MCD,MMM,MS,NKE,PG,PGR,PNC,ROST,SLB,SYK,UPS,USB,VLO,WFC,YUM",30,0.35806944326817536,0.34779509702254396,6.323644428668647
236,278,"ADP,ADSK,AMZN,AON,AXP,BAC,BDX,C,DE,EMR,EOG,F,ICE,INTU,ISRG,ITW,KMB,MSFT,NKE,NSC,PLD,PM,SHW,SYK,T,TJX,TRV,UPS,VLO,WMT",30,0.3583314856032997,0.25188589374605874,8.81302861516185
103,145,"ABT,AIG,APD,BLK,CAT,CSCO,DE,DHR,FDX,HD,IBM,INTU,ITW,MA,MCD,MMM,MRK,MSFT,NKE,NVDA,PFE,PGR,PLD,ROST,SO,T,TJX,VZ,WFC,WMT",30,0.35858362243181885,0.29473613844214963,8.054311514074008
263,305,"ADBE,ALL,APD,AXP,BIIB,C,CL,CMCSA,COF,COP,COST,CSCO,CVX,F,GE,GS,IBM,ITW,JPM,MCD,MMM,MO,MSFT,NKE,NSC,PFE,SLB,SYK,WMT,XOM",30,0.35860903921135884,0.2994005595085108,6.462124963880802
53,95,"ABT,ADBE,ADP,ADSK,AMGN,BA,CAT,CI,HD,IBM,ICE,ITW,JPM,LOW,MA,MET,MMC,MS,NKE,PLD,PNC,QCOM,SBUX,SO,SYK,T,TJX,UPS,VLO,WFC",30,0.35923313923959044,0.2762447835114254,8.515082287804399
234,276,"ABT,ACN,BDX,BIIB,C,CAT,DIS,EMR,F,GILD,GS,HD,IBM,INTU,KMB,MET,MMC,MS,PG,QCOM,REGN,ROST,SBUX,SYK,T,TJX,TRV,UNH,USB,WMT",30,0.35982847518998984,0.3023691708176671,6.6548184815329545
158,200,"ACN,AON,BA,BAC,BLK,CAT,COF,CRM,CSCO,DE,DHR,DUK,F,GE,GS,HD,IBM,ITW,JPM,MCD,MET,NKE,PGR,PLD,PNC,SLB,SO,TGT,USB,VLO",30,0.3600537770883355,0.2920281876467588,7.879678740749905
108,150,"ACN,ADBE,ADP,ALL,AMZN,BAC,C,CAT,CB,CL,CMCSA,CSCO,DE,DHR,DIS,GM,ISRG,KO,NSC,PEP,PG,PM,PNC,ROST,SYK,T,TRV,UNH,V,WFC",30,0.36007462601359636,0.24912310686267009,9.072138970058813
109,151,"AAPL,ADBE,ADSK,ALL,AON,BLK,C,CAT,CI,CL,CSCO,CVX,DIS,EOG,EW,F,GS,IBM,INTC,JPM,NKE,NVDA,PLD,ROST,SO,T,UPS,USB,V,VLO",30,0.3605894940410974,0.3049060193093338,7.843329226443932
140,182,"AAPL,ABT,ADBE,ADSK,AIG,AMZN,BDX,COST,DIS,EOG,EW,FDX,IBM,ICE,ISRG,ITW,LOW,MET,MS,NVDA,PFE,PLD,PM,PNC,QCOM,SCHW,TRV,UNH,VLO,WMT",30,0.3612179491952203,0.28783593591581697,8.41270376109023
153,195,"ABT,ACN,APD,BIIB,C,CB,COF,COP,CSCO,CVX,FDX,HD,INTC,JPM,MMM,MO,NKE,NVDA,PEP,PLD,PNC,QCOM,SBUX,SHW,SLB,TGT,V,WFC,XOM,YUM",30,0.36124999287621096,0.28166694335836345,6.826105173350803
182,224,"ABT,ADSK,AMGN,AON,AXP,BAC,BDX,CI,COST,CVX,DG,DIS,IBM,ISRG,ITW,JNJ,JPM,LOW,MA,MET,MO,MSFT,PFE,PLD,PNC,QCOM,SHW,T,V,WMT",30,0.3613911351913513,0.25386953341697877,9.412604830925327
71,113,"ACN,ADP,AIG,CAT,CMCSA,COF,CRM,EW,FDX,HD,ITW,KO,LOW,MO,MS,MSFT,PEP,PFE,QCOM,SCHW,SHW,SLB,SYK,UNH,UPS,USB,V,VLO,VZ,WFC",30,0.3616333091694982,0.342322104126879,6.461712375451656
154,196,"ADP,AMGN,AMZN,APD,C,COF,COST,CVX,DE,DHR,FDX,GM,INTC,ISRG,LOW,MO,MSFT,NKE,PEP,PFE,PGR,QCOM,ROST,SHW,SLB,TRV,UPS,USB,VZ,XOM",30,0.3619738592718987,0.3182421542917942,7.28522514524775
208,250,"AAPL,ACN,ADBE,ADP,AON,BAC,BDX,BLK,CAT,CMCSA,COP,DIS,F,FDX,GS,HD,JNJ,JPM,KMB,LMT,MA,MMC,NEE,PNC,REGN,TRV,V,VZ,WMT,YUM",30,0.3620279794855468,0.26154191295100854,8.555737882545344
88,130,"ABT,AMZN,APD,BA,BDX,C,CAT,CB,CI,CSCO,DG,DHR,EOG,FDX,GM,HD,INTU,ITW,LMT,MMC,MMM,NEE,NKE,SHW,SLB,SYK,T,UPS,VLO,WFC",30,0.3626835713198331,0.30809357036889606,7.531787885630534
230,272,"AAPL,ADBE,APD,BAC,BIIB,BLK,COST,DHR,DIS,EMR,EOG,ICE,INTC,JNJ,JPM,LMT,LOW,MET,MRK,NKE,NSC,NVDA,PGR,PNC,QCOM,SHW,TGT,UPS,WMT,YUM",30,0.36308343017919636,0.2592554892842372,7.318638959037115
228,270,"AAPL,ALL,AMZN,APD,BA,BLK,C,CL,CRM,DE,DG,DIS,INTU,JNJ,KMB,MA,MMC,MS,PLD,SCHW,SHW,T,TRV,UNH,USB,V,WFC,WMT,XOM,YUM",30,0.3631328662408088,0.21201101036973152,10.140676226391195
97,139,"AAPL,ACN,AIG,AMGN,APD,CAT,CB,CL,CRM,DE,EW,FDX,GM,HD,INTU,ISRG,JNJ,JPM,LMT,LOW,MMM,MRK,NKE,PNC,REGN,T,UNH,UPS,VLO,XOM",30,0.3635601471527885,0.27732819418463656,8.656987679025407
147,189,"APD,AXP,BDX,CAT,CB,CMCSA,COF,COST,DE,DIS,GM,GS,IBM,ICE,JNJ,MA,NKE,NSC,NVDA,PNC,SBUX,SCHW,SLB,SO,UNH,UPS,USB,VLO,WMT,YUM",30,0.36356371176800345,0.31349769113813064,7.474398408898671
91,133,"ADP,AIG,ALL,AMGN,AON,AXP,BIIB,BLK,CAT,CB,COF,CRM,DE,DHR,HD,ITW,KO,MCD,MMC,MMM,MRK,NSC,PGR,PM,PNC,SLB,SYK,T,TGT,WFC",30,0.36435978999125374,0.2891081107157237,6.59740970174172
184,226,"ACN,ALL,APD,BA,BDX,BLK,C,CI,CMCSA,COP,DE,EOG,IBM,ICE,ISRG,KO,LOW,MA,MET,MSFT,NEE,NSC,PFE,PGR,PNC,SHW,SYK,TRV,XOM,YUM",30,0.3646375258819507,0.25718017613811445,8.574921017466606
169,211,"AMZN,APD,AXP,BA,BAC,BLK,CAT,CMCSA,COP,CRM,EMR,GILD,GM,INTC,INTU,ITW,MMM,NEE,NKE,PEP,PG,PGR,PLD,SCHW,UNH,USB,V,VLO,WFC,YUM",30,0.36554843297133777,0.29353875234136423,8.216330404176961
241,283,"ABT,ADBE,ADP,AMZN,AON,AXP,BA,BAC,BDX,BIIB,CRM,CSCO,F,FDX,GILD,GM,GS,INTC,LMT,MA,MMC,MMM,MRK,NEE,PEP,PG,SBUX,SYK,UPS,XOM",30,0.36771110850379773,0.26269167687613004,7.29586727772809
151,193,"ACN,ALL,AMGN,BA,BAC,BDX,BLK,C,CAT,CI,CVX,DHR,DUK,EOG,INTC,ISRG,ITW,JNJ,JPM,KMB,MMC,MMM,MS,PGR,PNC,SLB,SYK,T,TGT,USB",30,0.368065106390507,0.31118629921132573,7.140448609180985
163,205,"ADBE,ADP,AON,AXP,BDX,CAT,CI,CL,COP,CVX,DG,GE,GILD,ICE,INTU,ISRG,KMB,MA,MMC,MMM,MSFT,PEP,PNC,SCHW,TRV,UNH,UPS,V,VLO,XOM",30,0.3691910067023916,0.27225388102718545,7.916259698572053
107,149,"ADSK,AIG,AON,APD,BLK,CAT,DHR,EMR,EW,F,GILD,ITW,JNJ,JPM,KMB,MA,MMC,MRK,MS,NVDA,PEP,PLD,PM,PNC,ROST,SHW,TRV,USB,VLO,WMT",30,0.3695848411606976,0.2776841391824234,8.018258609079718
152,194,"ABT,ADSK,AMGN,AON,APD,BDX,BLK,CSCO,DE,DIS,EMR,HD,ICE,INTC,INTU,JNJ,LMT,MRK,NKE,PNC,QCOM,REGN,SHW,SYK,T,TJX,UPS,USB,VLO,VZ",30,0.36961245843268525,0.23845743282954632,10.148864502132518
99,141,"AAPL,AIG,BA,BIIB,BLK,COF,COST,CSCO,DE,F,FDX,GILD,ICE,INTC,INTU,KO,MMC,MMM,MSFT,NKE,PNC,SHW,SYK,T,TGT,USB,V,VLO,WFC,YUM",30,0.3697410832142923,0.26276485404898203,7.811659802619181
175,217,"ADSK,AIG,ALL,BA,BAC,BDX,BIIB,BLK,C,COF,CSCO,CVX,DG,DHR,FDX,GM,INTC,ISRG,MMC,MMM,MRK,PEP,ROST,SHW,SYK,TRV,UNH,V,VZ,WFC",30,0.36989954090905774,0.2828811618797138,6.924755939432486
122,164,"AMZN,AON,AXP,BLK,CAT,COF,CRM,CSCO,DHR,DIS,EOG,GILD,ISRG,ITW,JPM,KMB,MO,MSFT,NVDA,QCOM,REGN,ROST,SCHW,SHW,SLB,SO,USB,V,WFC,XOM",30,0.3722846970342434,0.3251641437358893,7.05587795593097
240,282,"AAPL,AMGN,AMZN,BAC,BLK,CAT,CL,COST,CRM,CVX,FDX,GS,HD,IBM,JNJ,JPM,MMM,NSC,PFE,PLD,PNC,QCOM,SCHW,SLB,SYK,T,TRV,UNH,WFC,YUM",30,0.37264786565197466,0.36694290223222736,6.115756916948067
8,50,"ABT,ADSK,AIG,ALL,AON,BAC,BDX,BLK,CAT,CRM,CVX,DE,FDX,GILD,GS,HD,INTC,INTU,ITW,MCD,PFE,PLD,REGN,SHW,T,UNH,UPS,USB,VZ,XOM",30,0.3729321926391445,0.28691623370931674,8.386571450952927
164,206,"AAPL,ADSK,APD,BDX,C,CI,CMCSA,COST,CRM,DE,EOG,EW,FDX,GM,GS,INTU,KMB,MSFT,NKE,NSC,PLD,PNC,REGN,ROST,SCHW,TRV,USB,V,VLO,XOM",30,0.3732827349590097,0.2801026256341257,8.355326420814837
36,78,"ABT,ADP,ALL,AMGN,APD,BAC,C,CB,CMCSA,COF,COST,DHR,F,GILD,GM,INTU,JNJ,JPM,LMT,MET,MMC,MO,MS,QCOM,SBUX,SO,SYK,UPS,V,WFC",30,0.37464556765016144,0.3101075661962799,7.2666476120524415
14,56,"ABT,ACN,ADSK,AIG,ALL,AMGN,AXP,BAC,C,CB,CMCSA,COF,COST,DIS,EOG,FDX,INTC,JPM,MMM,MO,MRK,MS,NKE,PNC,QCOM,ROST,SCHW,T,VZ,YUM",30,0.37522559993921645,0.34132980449728767,6.776992834023151
72,114,"ADP,ADSK,AMGN,AMZN,AON,APD,BA,BAC,BDX,CAT,COP,CSCO,DE,GE,GILD,GM,INTC,ITW,JNJ,MA,MS,NSC,REGN,SLB,SYK,UNH,UPS,V,VZ,YUM",30,0.37561760477477507,0.2745699821008712,8.453205047744495
281,323,"ADBE,ADP,ADSK,ALL,AMZN,AXP,BAC,BDX,BIIB,BLK,DE,EMR,GM,INTU,ISRG,ITW,KMB,KO,LMT,MMC,MMM,MS,MSFT,PEP,PFE,PGR,PNC,ROST,SO,XOM",30,0.3760701695409184,0.305561794391535,6.390204127280295
160,202,"ADBE,AIG,AMZN,AXP,BA,BDX,BIIB,BLK,CVX,EOG,FDX,GM,ICE,INTC,INTU,ISRG,ITW,JPM,MRK,MS,NKE,NVDA,QCOM,REGN,SBUX,SHW,T,UPS,USB,VLO",30,0.3776047473385526,0.26305846694316626,7.351082228860555
217,259,"ACN,ADBE,AIG,ALL,AMZN,BAC,BDX,C,CB,COF,COP,CSCO,DE,GILD,IBM,ICE,INTU,LMT,MMM,NSC,QCOM,REGN,ROST,SO,SYK,TRV,USB,V,WMT,XOM",30,0.3781251692214622,0.27915015065349297,8.231813691115828
50,92,"ADBE,AIG,ALL,AON,BA,CAT,COF,COST,CRM,CSCO,CVX,DIS,EW,GM,ISRG,ITW,JPM,KO,LMT,MET,MMM,MS,NSC,NVDA,PGR,TGT,UPS,USB,VLO,VZ",30,0.37842158240334123,0.30084537750506624,7.799745375842449
77,119,"ABT,ACN,AIG,AMGN,BDX,BLK,CB,CVX,DHR,EW,FDX,GILD,GS,ICE,INTU,ISRG,LMT,MA,MET,MMM,MRK,NSC,ROST,SCHW,TGT,TJX,UNH,VLO,VZ,XOM",30,0.37898753193948914,0.26962318374705324,8.366226784092218
245,287,"ACN,BAC,BLK,COST,CSCO,CVX,DUK,EMR,EW,FDX,GILD,GS,HD,IBM,ISRG,LOW,MET,NVDA,PFE,PGR,PNC,ROST,SCHW,SHW,SLB,TRV,USB,VLO,WMT,YUM",30,0.3802924526919853,0.32766916516283606,7.120205431549349
57,99,"ABT,ADBE,ADP,AIG,AMGN,AMZN,AON,CB,CI,CRM,FDX,GE,INTC,ISRG,ITW,JPM,LMT,MET,MS,NKE,NSC,PEP,QCOM,ROST,SCHW,TGT,TRV,UPS,USB,WFC",30,0.38139837705183083,0.3210021742427482,7.15306984252415
167,209,"ABT,ADP,ADSK,AMGN,AMZN,AON,BAC,BLK,CB,CMCSA,COST,CRM,CSCO,DHR,GILD,IBM,ICE,ITW,JPM,KO,LOW,MMM,NSC,NVDA,REGN,ROST,SLB,TGT,UNH,UPS",30,0.38267056289429136,0.2657253465973148,8.708326841380517
125,167,"AIG,AMGN,AMZN,APD,BAC,BIIB,BLK,COP,DE,DHR,DIS,EMR,GILD,INTC,ISRG,ITW,JNJ,LOW,MMM,MSFT,NKE,NSC,PLD,REGN,SYK,TRV,UNH,UPS,WFC,XOM",30,0.38451306774731897,0.27644099183953397,7.208442105315737
73,115,"ADP,AMZN,AXP,BA,BAC,BIIB,C,CI,CL,CSCO,CVX,DE,EMR,EW,GS,HD,IBM,ISRG,JPM,MA,MMM,MRK,PNC,SLB,T,TJX,UPS,USB,XOM,YUM",30,0.38700022068951584,0.28526481268317055,6.635894354951718
276,318,"ACN,ADSK,ALL,AON,AXP,BLK,C,CL,CVX,DE,EOG,F,GM,ICE,INTU,ITW,KMB,LMT,MET,MS,MSFT,NVDA,PLD,PNC,QCOM,SCHW,SYK,TRV,VLO,WFC",30,0.388771289020783,0.3256243351276462,6.793534806471739
221,263,"ACN,ADBE,AMGN,AMZN,BA,BAC,CAT,CVX,DE,FDX,GILD,GS,ICE,INTC,JPM,MA,MET,MSFT,NKE,PM,PNC,QCOM,SBUX,SHW,SLB,SYK,TGT,USB,XOM,YUM",30,0.3887983775229003,0.316005927123652,7.120176748546037
246,288,"ADBE,ALL,AMGN,AON,AXP,BAC,BDX,C,CAT,CB,CL,CMCSA,COP,DIS,EMR,EW,GS,LMT,MA,MO,MRK,MS,MSFT,PEP,PNC,SYK,UPS,V,XOM,YUM",30,0.3888901828564107,0.285486483174588,7.457189468276093
239,281,"ABT,ADSK,ALL,AMGN,AON,BDX,BLK,CB,CMCSA,COST,DHR,EOG,EW,HD,IBM,INTC,ISRG,MA,MCD,MMC,MS,MSFT,NKE,PEP,ROST,SBUX,T,UPS,V,YUM",30,0.3910495935197156,0.23468900479094257,9.666411641754502
255,297,"ABT,ACN,AMZN,AON,AXP,BAC,BIIB,C,CAT,COF,CRM,DHR,EMR,GM,GS,HD,JNJ,JPM,KO,MCD,MET,MMM,MS,PNC,REGN,ROST,SO,UNH,V,WMT",30,0.3914196749948427,0.3176382031531325,5.834812530436316
267,309,"ABT,ADSK,ALL,BDX,C,CB,COF,COP,CRM,CVX,DHR,EOG,GILD,IBM,ICE,ISRG,JNJ,JPM,MA,MRK,MSFT,NKE,PLD,SBUX,SLB,TRV,USB,V,WFC,YUM",30,0.393535493659981,0.2899240970760098,7.265388132305702
